Superorder,Order,Family,Species,Parity Mode,Trophic Mode,Vertebrate Reproductive Category,Reproductive Mode,Reference
Batoidea,Myliobatiformes,Dasyatidae,Dasyatis_akajei,Viviparity,Matrotrophic,Matrotrophic Viviparity,Lipid Histotrophy,S8
Batoidea,Myliobatiformes,Dasyatidae,Dasyatis_americana,Viviparity,Matrotrophic,Matrotrophic Viviparity,Lipid Histotrophy,S8
Batoidea,Myliobatiformes,Dasyatidae,Dasyatis_bennetti,Viviparity,Matrotrophic,Matrotrophic Viviparity,Lipid Histotrophy,S8
Batoidea,Myliobatiformes,Dasyatidae,Dasyatis_brevicaudata,Viviparity,Matrotrophic,Matrotrophic Viviparity,Lipid Histotrophy,S8
Batoidea,Myliobatiformes,Dasyatidae,Dasyatis_centroura,Viviparity,Matrotrophic,Matrotrophic Viviparity,Lipid Histotrophy,S8
Batoidea,Myliobatiformes,Dasyatidae,Dasyatis_chrysonota,Viviparity,Matrotrophic,Matrotrophic Viviparity,Lipid Histotrophy,S8
Batoidea,Myliobatiformes,Dasyatidae,Dasyatis_dipterura,Viviparity,Matrotrophic,Matrotrophic Viviparity,Lipid Histotrophy,S8
Batoidea,Myliobatiformes,Dasyatidae,Dasyatis_fluviorum,Viviparity,Matrotrophic,Matrotrophic Viviparity,Lipid Histotrophy,S8
Batoidea,Myliobatiformes,Dasyatidae,Dasyatis_izuensis,Viviparity,Matrotrophic,Matrotrophic Viviparity,Lipid Histotrophy,S8
Batoidea,Myliobatiformes,Dasyatidae,Dasyatis_laevigata,Viviparity,Matrotrophic,Matrotrophic Viviparity,Lipid Histotrophy,S8
Batoidea,Myliobatiformes,Dasyatidae,Dasyatis_laosensis,Viviparity,Matrotrophic,Matrotrophic Viviparity,Lipid Histotrophy,S8
Batoidea,Myliobatiformes,Dasyatidae,Dasyatis_lata,Viviparity,Matrotrophic,Matrotrophic Viviparity,Lipid Histotrophy,S8
Batoidea,Myliobatiformes,Dasyatidae,Dasyatis_longa,Viviparity,Matrotrophic,Matrotrophic Viviparity,Lipid Histotrophy,S8
Batoidea,Myliobatiformes,Dasyatidae,Dasyatis_margarita,Viviparity,Matrotrophic,Matrotrophic Viviparity,Lipid Histotrophy,S8
Batoidea,Myliobatiformes,Dasyatidae,Dasyatis_margaritella,Viviparity,Matrotrophic,Matrotrophic Viviparity,Lipid Histotrophy,S8
Batoidea,Myliobatiformes,Dasyatidae,Dasyatis_matsubarai,Viviparity,Matrotrophic,Matrotrophic Viviparity,Lipid Histotrophy,S8
Batoidea,Myliobatiformes,Dasyatidae,Dasyatis_microps,Viviparity,Matrotrophic,Matrotrophic Viviparity,Lipid Histotrophy,S8
Batoidea,Myliobatiformes,Dasyatidae,Dasyatis_navarrae,Viviparity,Matrotrophic,Matrotrophic Viviparity,Lipid Histotrophy,S8
Batoidea,Myliobatiformes,Dasyatidae,Dasyatis_parvonigra,Viviparity,Matrotrophic,Matrotrophic Viviparity,Lipid Histotrophy,S8
Batoidea,Myliobatiformes,Dasyatidae,Dasyatis_pastinaca,Viviparity,Matrotrophic,Matrotrophic Viviparity,Lipid Histotrophy,S8
Batoidea,Myliobatiformes,Dasyatidae,Dasyatis_sabina,Viviparity,Matrotrophic,Matrotrophic Viviparity,Lipid Histotrophy,S8
Batoidea,Myliobatiformes,Dasyatidae,Dasyatis_say,Viviparity,Matrotrophic,Matrotrophic Viviparity,Lipid Histotrophy,S8
Batoidea,Myliobatiformes,Dasyatidae,Dasyatis_thetidis,Viviparity,Matrotrophic,Matrotrophic Viviparity,Lipid Histotrophy,S8
Batoidea,Myliobatiformes,Dasyatidae,Dasyatis_ushiei,Viviparity,Matrotrophic,Matrotrophic Viviparity,Lipid Histotrophy,S8
Batoidea,Myliobatiformes,Dasyatidae,Dasyatis_zugei,Viviparity,Matrotrophic,Matrotrophic Viviparity,Lipid Histotrophy,S8
Batoidea,Myliobatiformes,Dasyatidae,Himantura_astra,Viviparity,Matrotrophic,Matrotrophic Viviparity,Lipid Histotrophy,S8
Batoidea,Myliobatiformes,Dasyatidae,Himantura_fai,Viviparity,Matrotrophic,Matrotrophic Viviparity,Lipid Histotrophy,S8
Batoidea,Myliobatiformes,Dasyatidae,Himantura_gerrardi,Viviparity,Matrotrophic,Matrotrophic Viviparity,Lipid Histotrophy,S8
Batoidea,Myliobatiformes,Dasyatidae,Himantura_granulata,Viviparity,Matrotrophic,Matrotrophic Viviparity,Lipid Histotrophy,S8
Batoidea,Myliobatiformes,Dasyatidae,Himantura_hortlei,Viviparity,Matrotrophic,Matrotrophic Viviparity,Lipid Histotrophy,S8
Batoidea,Myliobatiformes,Dasyatidae,Himantura_imbricata,Viviparity,Matrotrophic,Matrotrophic Viviparity,Lipid Histotrophy,S8
Batoidea,Myliobatiformes,Dasyatidae,Himantura_jenkinsii,Viviparity,Matrotrophic,Matrotrophic Viviparity,Lipid Histotrophy,S8
Batoidea,Myliobatiformes,Dasyatidae,Himantura_leoparda,Viviparity,Matrotrophic,Matrotrophic Viviparity,Lipid Histotrophy,S8
Batoidea,Myliobatiformes,Dasyatidae,Himantura_lobistoma,Viviparity,Matrotrophic,Matrotrophic Viviparity,Lipid Histotrophy,S8
Batoidea,Myliobatiformes,Dasyatidae,Himantura_oxyrhyncha,Viviparity,Matrotrophic,Matrotrophic Viviparity,Lipid Histotrophy,S8
Batoidea,Myliobatiformes,Dasyatidae,Himantura_pacifica,Viviparity,Matrotrophic,Matrotrophic Viviparity,Lipid Histotrophy,S8
Batoidea,Myliobatiformes,Dasyatidae,Himantura_pastinacoides,Viviparity,Matrotrophic,Matrotrophic Viviparity,Lipid Histotrophy,S8
Batoidea,Myliobatiformes,Dasyatidae,Himantura_polylepis,Viviparity,Matrotrophic,Matrotrophic Viviparity,Lipid Histotrophy,S8
Batoidea,Myliobatiformes,Dasyatidae,Himantura_schmardae,Viviparity,Matrotrophic,Matrotrophic Viviparity,Lipid Histotrophy,S8
Batoidea,Myliobatiformes,Dasyatidae,Himantura_signifer,Viviparity,Matrotrophic,Matrotrophic Viviparity,Lipid Histotrophy,S8
Batoidea,Myliobatiformes,Dasyatidae,Himantura_toshi,Viviparity,Matrotrophic,Matrotrophic Viviparity,Lipid Histotrophy,S8
Batoidea,Myliobatiformes,Dasyatidae,Himantura_uarnacoides,Viviparity,Matrotrophic,Matrotrophic Viviparity,Lipid Histotrophy,S8
Batoidea,Myliobatiformes,Dasyatidae,Himantura_uarnak,Viviparity,Matrotrophic,Matrotrophic Viviparity,Lipid Histotrophy,S8
Batoidea,Myliobatiformes,Dasyatidae,Himantura_undulata,Viviparity,Matrotrophic,Matrotrophic Viviparity,Lipid Histotrophy,S8
Batoidea,Myliobatiformes,Dasyatidae,Himantura_walga,Viviparity,Matrotrophic,Matrotrophic Viviparity,Lipid Histotrophy,S8
Batoidea,Myliobatiformes,Dasyatidae,Neotrygon_annotata,Viviparity,Matrotrophic,Matrotrophic Viviparity,Lipid Histotrophy,S8
Batoidea,Myliobatiformes,Dasyatidae,Neotrygon_kuhlii,Viviparity,Matrotrophic,Matrotrophic Viviparity,Lipid Histotrophy,S8
Batoidea,Myliobatiformes,Dasyatidae,Neotrygon_leylandi,Viviparity,Matrotrophic,Matrotrophic Viviparity,Lipid Histotrophy,S8
Batoidea,Myliobatiformes,Dasyatidae,Neotrygon_ningalooensis,Viviparity,Matrotrophic,Matrotrophic Viviparity,Lipid Histotrophy,S8
Batoidea,Myliobatiformes,Dasyatidae,Neotrygon_picta,Viviparity,Matrotrophic,Matrotrophic Viviparity,Lipid Histotrophy,S8
Batoidea,Myliobatiformes,Dasyatidae,Pastinachus_atrus,Viviparity,Matrotrophic,Matrotrophic Viviparity,Lipid Histotrophy,S8
Batoidea,Myliobatiformes,Dasyatidae,Pastinachus_gracilicaudus,Viviparity,Matrotrophic,Matrotrophic Viviparity,Lipid Histotrophy,S8
Batoidea,Myliobatiformes,Dasyatidae,Pastinachus_sephen,Viviparity,Matrotrophic,Matrotrophic Viviparity,Lipid Histotrophy,S8
Batoidea,Myliobatiformes,Dasyatidae,Pastinachus_solocirostris,Viviparity,Matrotrophic,Matrotrophic Viviparity,Lipid Histotrophy,S8
Batoidea,Myliobatiformes,Dasyatidae,Pastinachus_stellurostris,Viviparity,Matrotrophic,Matrotrophic Viviparity,Lipid Histotrophy,S8
Batoidea,Myliobatiformes,Dasyatidae,Pteroplatytrygon_violacea,Viviparity,Matrotrophic,Matrotrophic Viviparity,Lipid Histotrophy,S8
Batoidea,Myliobatiformes,Dasyatidae,Taeniura_lymma,Viviparity,Matrotrophic,Matrotrophic Viviparity,Lipid Histotrophy,S8
Batoidea,Myliobatiformes,Dasyatidae,Taeniurops_grabata,Viviparity,Matrotrophic,Matrotrophic Viviparity,Lipid Histotrophy,S8
Batoidea,Myliobatiformes,Dasyatidae,Taeniurops_meyeni,Viviparity,Matrotrophic,Matrotrophic Viviparity,Lipid Histotrophy,S8
Batoidea,Myliobatiformes,Dasyatidae,Urogymnus_asperrimus,Viviparity,Matrotrophic,Matrotrophic Viviparity,Lipid Histotrophy,S8
Batoidea,Myliobatiformes,Gymnuridae,Gymnura_altavela,Viviparity,Matrotrophic,Matrotrophic Viviparity,Lipid Histotrophy,S8
Batoidea,Myliobatiformes,Gymnuridae,Gymnura_australis,Viviparity,Matrotrophic,Matrotrophic Viviparity,Lipid Histotrophy,S8
Batoidea,Myliobatiformes,Gymnuridae,Gymnura_crebripunctata,Viviparity,Matrotrophic,Matrotrophic Viviparity,Lipid Histotrophy,S8
Batoidea,Myliobatiformes,Gymnuridae,Gymnura_japonica,Viviparity,Matrotrophic,Matrotrophic Viviparity,Lipid Histotrophy,S8
Batoidea,Myliobatiformes,Gymnuridae,Gymnura_marmorata,Viviparity,Matrotrophic,Matrotrophic Viviparity,Lipid Histotrophy,S8
Batoidea,Myliobatiformes,Gymnuridae,Gymnura_micrura,Viviparity,Matrotrophic,Matrotrophic Viviparity,Lipid Histotrophy,S8
Batoidea,Myliobatiformes,Gymnuridae,Gymnura_poecilura,Viviparity,Matrotrophic,Matrotrophic Viviparity,Lipid Histotrophy,S8
Batoidea,Myliobatiformes,Gymnuridae,Gymnura_zonura,Viviparity,Matrotrophic,Matrotrophic Viviparity,Lipid Histotrophy,S8
Batoidea,Myliobatiformes,Hexatrygonidae,Hexatrygon_bickelli,Viviparity,Matrotrophic,Matrotrophic Viviparity,Lipid Histotrophy,S8
Batoidea,Myliobatiformes,Mobulidae,Manta_birostris,Viviparity,Matrotrophic,Matrotrophic Viviparity,Lipid Histotrophy,S8
Batoidea,Myliobatiformes,Mobulidae,Mobula_hypostoma,Viviparity,Matrotrophic,Matrotrophic Viviparity,Lipid Histotrophy,S8
Batoidea,Myliobatiformes,Mobulidae,Mobula_japanica,Viviparity,Matrotrophic,Matrotrophic Viviparity,Lipid Histotrophy,S8
Batoidea,Myliobatiformes,Mobulidae,Mobula_kuhlii,Viviparity,Matrotrophic,Matrotrophic Viviparity,Lipid Histotrophy,S8
Batoidea,Myliobatiformes,Mobulidae,Mobula_munkiana,Viviparity,Matrotrophic,Matrotrophic Viviparity,Lipid Histotrophy,S8
Batoidea,Myliobatiformes,Mobulidae,Mobula_tarapacana,Viviparity,Matrotrophic,Matrotrophic Viviparity,Lipid Histotrophy,S8
Batoidea,Myliobatiformes,Mobulidae,Mobula_thurstoni,Viviparity,Matrotrophic,Matrotrophic Viviparity,Lipid Histotrophy,S8
Batoidea,Myliobatiformes,Myliobatidae,Aetobatus_flagellum,Viviparity,Matrotrophic,Matrotrophic Viviparity,Lipid Histotrophy,S8
Batoidea,Myliobatiformes,Myliobatidae,Aetobatus_narinari,Viviparity,Matrotrophic,Matrotrophic Viviparity,Lipid Histotrophy,S8
Batoidea,Myliobatiformes,Myliobatidae,Aetomylaeus_maculatus,Viviparity,Matrotrophic,Matrotrophic Viviparity,Lipid Histotrophy,S8
Batoidea,Myliobatiformes,Myliobatidae,Aetomylaeus_vespertilio,Viviparity,Matrotrophic,Matrotrophic Viviparity,Lipid Histotrophy,S8
Batoidea,Myliobatiformes,Myliobatidae,Myliobatis_aquila,Viviparity,Matrotrophic,Matrotrophic Viviparity,Lipid Histotrophy,S8
Batoidea,Myliobatiformes,Myliobatidae,Myliobatis_australis,Viviparity,Matrotrophic,Matrotrophic Viviparity,Lipid Histotrophy,S8
Batoidea,Myliobatiformes,Myliobatidae,Myliobatis_californicus,Viviparity,Matrotrophic,Matrotrophic Viviparity,Lipid Histotrophy,S8
Batoidea,Myliobatiformes,Myliobatidae,Myliobatis_freminvillei,Viviparity,Matrotrophic,Matrotrophic Viviparity,Lipid Histotrophy,S8
Batoidea,Myliobatiformes,Myliobatidae,Myliobatis_goodei,Viviparity,Matrotrophic,Matrotrophic Viviparity,Lipid Histotrophy,S8
Batoidea,Myliobatiformes,Myliobatidae,Myliobatis_longirostris,Viviparity,Matrotrophic,Matrotrophic Viviparity,Lipid Histotrophy,S8
Batoidea,Myliobatiformes,Myliobatidae,Myliobatis_tobijei,Viviparity,Matrotrophic,Matrotrophic Viviparity,Lipid Histotrophy,S8
Batoidea,Myliobatiformes,Myliobatidae,Pteromylaeus_bovinus,Viviparity,Matrotrophic,Matrotrophic Viviparity,Lipid Histotrophy,S8
Batoidea,Myliobatiformes,Plesiobatidae,Plesiobatis_daviesi,Viviparity,Matrotrophic,Matrotrophic Viviparity,Lipid Histotrophy,S8
Batoidea,Myliobatiformes,Potamotrygonidae,Paratrygon_aiereba,Viviparity,Matrotrophic,Matrotrophic Viviparity,Lipid Histotrophy,S8
Batoidea,Myliobatiformes,Potamotrygonidae,Plesiotrygon_iwamae,Viviparity,Matrotrophic,Matrotrophic Viviparity,Lipid Histotrophy,S8
Batoidea,Myliobatiformes,Potamotrygonidae,Potamotrygon_castexi,Viviparity,Matrotrophic,Matrotrophic Viviparity,Lipid Histotrophy,S8
Batoidea,Myliobatiformes,Potamotrygonidae,Potamotrygon_falkneri,Viviparity,Matrotrophic,Matrotrophic Viviparity,Lipid Histotrophy,S8
Batoidea,Myliobatiformes,Potamotrygonidae,Potamotrygon_henlei,Viviparity,Matrotrophic,Matrotrophic Viviparity,Lipid Histotrophy,S8
Batoidea,Myliobatiformes,Potamotrygonidae,Potamotrygon_hystrix,Viviparity,Matrotrophic,Matrotrophic Viviparity,Lipid Histotrophy,S8
Batoidea,Myliobatiformes,Potamotrygonidae,Potamotrygon_motoro,Viviparity,Matrotrophic,Matrotrophic Viviparity,Lipid Histotrophy,S8
Batoidea,Myliobatiformes,Potamotrygonidae,Potamotrygon_orbignyi,Viviparity,Matrotrophic,Matrotrophic Viviparity,Lipid Histotrophy,S8
Batoidea,Myliobatiformes,Potamotrygonidae,Potamotrygon_yepezi,Viviparity,Matrotrophic,Matrotrophic Viviparity,Lipid Histotrophy,S8
Batoidea,Myliobatiformes,Rhinopteridae,Rhinoptera_bonasus,Viviparity,Matrotrophic,Matrotrophic Viviparity,Lipid Histotrophy,S8
Batoidea,Myliobatiformes,Rhinopteridae,Rhinoptera_javanica,Viviparity,Matrotrophic,Matrotrophic Viviparity,Lipid Histotrophy,S8
Batoidea,Myliobatiformes,Rhinopteridae,Rhinoptera_jayakari,Viviparity,Matrotrophic,Matrotrophic Viviparity,Lipid Histotrophy,S8
Batoidea,Myliobatiformes,Rhinopteridae,Rhinoptera_neglecta,Viviparity,Matrotrophic,Matrotrophic Viviparity,Lipid Histotrophy,S8
Batoidea,Myliobatiformes,Rhinopteridae,Rhinoptera_steindachneri,Viviparity,Matrotrophic,Matrotrophic Viviparity,Lipid Histotrophy,S8
Batoidea,Myliobatiformes,Urolophidae,Trygonoptera_imitata,Viviparity,Matrotrophic,Matrotrophic Viviparity,Lipid Histotrophy,S8
Batoidea,Myliobatiformes,Urolophidae,Trygonoptera_mucosa,Viviparity,Matrotrophic,Matrotrophic Viviparity,Lipid Histotrophy,S8
Batoidea,Myliobatiformes,Urolophidae,Trygonoptera_ovalis,Viviparity,Matrotrophic,Matrotrophic Viviparity,Lipid Histotrophy,S8
Batoidea,Myliobatiformes,Urolophidae,Trygonoptera_personata,Viviparity,Matrotrophic,Matrotrophic Viviparity,Lipid Histotrophy,S8
Batoidea,Myliobatiformes,Urolophidae,Trygonoptera_testacea,Viviparity,Matrotrophic,Matrotrophic Viviparity,Lipid Histotrophy,S8
Batoidea,Myliobatiformes,Urolophidae,Urolophus_aurantiacus,Viviparity,Matrotrophic,Matrotrophic Viviparity,Lipid Histotrophy,S8
Batoidea,Myliobatiformes,Urolophidae,Urolophus_bucculentus,Viviparity,Matrotrophic,Matrotrophic Viviparity,Lipid Histotrophy,S8
Batoidea,Myliobatiformes,Urolophidae,Urolophus_cruciatus,Viviparity,Matrotrophic,Matrotrophic Viviparity,Lipid Histotrophy,S8
Batoidea,Myliobatiformes,Urolophidae,Urolophus_expansus,Viviparity,Matrotrophic,Matrotrophic Viviparity,Lipid Histotrophy,S8
Batoidea,Myliobatiformes,Urolophidae,Urolophus_flavomosaicus,Viviparity,Matrotrophic,Matrotrophic Viviparity,Lipid Histotrophy,S8
Batoidea,Myliobatiformes,Urolophidae,Urolophus_kapalensis,Viviparity,Matrotrophic,Matrotrophic Viviparity,Lipid Histotrophy,S8
Batoidea,Myliobatiformes,Urolophidae,Urolophus_lobatus,Viviparity,Matrotrophic,Matrotrophic Viviparity,Lipid Histotrophy,S8
Batoidea,Myliobatiformes,Urolophidae,Urolophus_paucimaculatus,Viviparity,Matrotrophic,Matrotrophic Viviparity,Lipid Histotrophy,S8
Batoidea,Myliobatiformes,Urolophidae,Urolophus_sufflavus,Viviparity,Matrotrophic,Matrotrophic Viviparity,Lipid Histotrophy,S8
Batoidea,Myliobatiformes,Urolophidae,Urolophus_viridis,Viviparity,Matrotrophic,Matrotrophic Viviparity,Lipid Histotrophy,S8
Batoidea,Myliobatiformes,Urolophidae,Urolophus_westraliensis,Viviparity,Matrotrophic,Matrotrophic Viviparity,Lipid Histotrophy,S8
Batoidea,Myliobatiformes,Urotrygonidae,Urobatis_concentricus,Viviparity,Matrotrophic,Matrotrophic Viviparity,Lipid Histotrophy,S8
Batoidea,Myliobatiformes,Urotrygonidae,Urobatis_halleri,Viviparity,Matrotrophic,Matrotrophic Viviparity,Lipid Histotrophy,S8
Batoidea,Myliobatiformes,Urotrygonidae,Urobatis_jamaicensis,Viviparity,Matrotrophic,Matrotrophic Viviparity,Lipid Histotrophy,S8
Batoidea,Myliobatiformes,Urotrygonidae,Urobatis_maculatus,Viviparity,Matrotrophic,Matrotrophic Viviparity,Lipid Histotrophy,S8
Batoidea,Myliobatiformes,Urotrygonidae,Urotrygon_rogersi,Viviparity,Matrotrophic,Matrotrophic Viviparity,Lipid Histotrophy,S8
Batoidea,Rajiformes,Anacanthobatidae,Cruriraja_hulleyi,Oviparity,Lecithotrophic,Lecithotrophic Oviparity,Egg-Laying,S8
Batoidea,Rajiformes,Anacanthobatidae,Cruriraja_parcomaculata,Oviparity,Lecithotrophic,Lecithotrophic Oviparity,Egg-Laying,S8
Batoidea,Rajiformes,Anacanthobatidae,Sinobatis_borneensis,Oviparity,Lecithotrophic,Lecithotrophic Oviparity,Egg-Laying,S8
Batoidea,Rajiformes,Arhynchobatidae,Arhynchobatis_asperrimus,Oviparity,Lecithotrophic,Lecithotrophic Oviparity,Egg-Laying,S8
Batoidea,Rajiformes,Arhynchobatidae,Atlantoraja_castelnaui,Oviparity,Lecithotrophic,Lecithotrophic Oviparity,Egg-Laying,S8
Batoidea,Rajiformes,Arhynchobatidae,Atlantoraja_cyclophora,Oviparity,Lecithotrophic,Lecithotrophic Oviparity,Egg-Laying,S8
Batoidea,Rajiformes,Arhynchobatidae,Atlantoraja_platana,Oviparity,Lecithotrophic,Lecithotrophic Oviparity,Egg-Laying,S8
Batoidea,Rajiformes,Arhynchobatidae,Bathyraja_abyssicola,Oviparity,Lecithotrophic,Lecithotrophic Oviparity,Egg-Laying,S8
Batoidea,Rajiformes,Arhynchobatidae,Bathyraja_aleutica,Oviparity,Lecithotrophic,Lecithotrophic Oviparity,Egg-Laying,S8
Batoidea,Rajiformes,Arhynchobatidae,Bathyraja_brachyurops,Oviparity,Lecithotrophic,Lecithotrophic Oviparity,Egg-Laying,S8
Batoidea,Rajiformes,Arhynchobatidae,Bathyraja_cousseauae,Oviparity,Lecithotrophic,Lecithotrophic Oviparity,Egg-Laying,S8
Batoidea,Rajiformes,Arhynchobatidae,Bathyraja_griseocauda,Oviparity,Lecithotrophic,Lecithotrophic Oviparity,Egg-Laying,S8
Batoidea,Rajiformes,Arhynchobatidae,Bathyraja_irrasa,Oviparity,Lecithotrophic,Lecithotrophic Oviparity,Egg-Laying,S8
Batoidea,Rajiformes,Arhynchobatidae,Bathyraja_kincaidii,Oviparity,Lecithotrophic,Lecithotrophic Oviparity,Egg-Laying,S8
Batoidea,Rajiformes,Arhynchobatidae,Bathyraja_lindbergi,Oviparity,Lecithotrophic,Lecithotrophic Oviparity,Egg-Laying,S8
Batoidea,Rajiformes,Arhynchobatidae,Bathyraja_maccaini,Oviparity,Lecithotrophic,Lecithotrophic Oviparity,Egg-Laying,S8
Batoidea,Rajiformes,Arhynchobatidae,Bathyraja_maculata,Oviparity,Lecithotrophic,Lecithotrophic Oviparity,Egg-Laying,S8
Batoidea,Rajiformes,Arhynchobatidae,Bathyraja_mariposa,Oviparity,Lecithotrophic,Lecithotrophic Oviparity,Egg-Laying,S8
Batoidea,Rajiformes,Arhynchobatidae,Bathyraja_meridionalis,Oviparity,Lecithotrophic,Lecithotrophic Oviparity,Egg-Laying,S8
Batoidea,Rajiformes,Arhynchobatidae,Bathyraja_minispinosa,Oviparity,Lecithotrophic,Lecithotrophic Oviparity,Egg-Laying,S8
Batoidea,Rajiformes,Arhynchobatidae,Bathyraja_pallida,Oviparity,Lecithotrophic,Lecithotrophic Oviparity,Egg-Laying,S8
Batoidea,Rajiformes,Arhynchobatidae,Bathyraja_parmifera,Oviparity,Lecithotrophic,Lecithotrophic Oviparity,Egg-Laying,S8
Batoidea,Rajiformes,Arhynchobatidae,Bathyraja_richardsoni,Oviparity,Lecithotrophic,Lecithotrophic Oviparity,Egg-Laying,S8
Batoidea,Rajiformes,Arhynchobatidae,Bathyraja_scaphiops,Oviparity,Lecithotrophic,Lecithotrophic Oviparity,Egg-Laying,S8
Batoidea,Rajiformes,Arhynchobatidae,Bathyraja_shuntovi,Oviparity,Lecithotrophic,Lecithotrophic Oviparity,Egg-Laying,S8
Batoidea,Rajiformes,Arhynchobatidae,Bathyraja_smirnovi,Oviparity,Lecithotrophic,Lecithotrophic Oviparity,Egg-Laying,S8
Batoidea,Rajiformes,Arhynchobatidae,Bathyraja_spinicauda,Oviparity,Lecithotrophic,Lecithotrophic Oviparity,Egg-Laying,S8
Batoidea,Rajiformes,Arhynchobatidae,Bathyraja_trachura,Oviparity,Lecithotrophic,Lecithotrophic Oviparity,Egg-Laying,S8
Batoidea,Rajiformes,Arhynchobatidae,Bathyraja_violacea,Oviparity,Lecithotrophic,Lecithotrophic Oviparity,Egg-Laying,S8
Batoidea,Rajiformes,Arhynchobatidae,Brochiraja_albilabiata,Oviparity,Lecithotrophic,Lecithotrophic Oviparity,Egg-Laying,S8
Batoidea,Rajiformes,Arhynchobatidae,Brochiraja_asperula,Oviparity,Lecithotrophic,Lecithotrophic Oviparity,Egg-Laying,S8
Batoidea,Rajiformes,Arhynchobatidae,Brochiraja_leviveneta,Oviparity,Lecithotrophic,Lecithotrophic Oviparity,Egg-Laying,S8
Batoidea,Rajiformes,Arhynchobatidae,Brochiraja_microspinifera,Oviparity,Lecithotrophic,Lecithotrophic Oviparity,Egg-Laying,S8
Batoidea,Rajiformes,Arhynchobatidae,Brochiraja_spinifera,Oviparity,Lecithotrophic,Lecithotrophic Oviparity,Egg-Laying,S8
Batoidea,Rajiformes,Arhynchobatidae,Insentiraja_subtilispinosa,Oviparity,Lecithotrophic,Lecithotrophic Oviparity,Egg-Laying,S8
Batoidea,Rajiformes,Arhynchobatidae,Irolita_waitii,Oviparity,Lecithotrophic,Lecithotrophic Oviparity,Egg-Laying,S8
Batoidea,Rajiformes,Arhynchobatidae,Notoraja_azurea,Oviparity,Lecithotrophic,Lecithotrophic Oviparity,Egg-Laying,S8
Batoidea,Rajiformes,Arhynchobatidae,Pavoraja_alleni,Oviparity,Lecithotrophic,Lecithotrophic Oviparity,Egg-Laying,S8
Batoidea,Rajiformes,Arhynchobatidae,Pavoraja_nitida,Oviparity,Lecithotrophic,Lecithotrophic Oviparity,Egg-Laying,S8
Batoidea,Rajiformes,Arhynchobatidae,Psammobatis_lentiginosa,Oviparity,Lecithotrophic,Lecithotrophic Oviparity,Egg-Laying,S8
Batoidea,Rajiformes,Arhynchobatidae,Psammobatis_rudis,Oviparity,Lecithotrophic,Lecithotrophic Oviparity,Egg-Laying,S8
Batoidea,Rajiformes,Arhynchobatidae,Rhinoraja_albomaculata,Oviparity,Lecithotrophic,Lecithotrophic Oviparity,Egg-Laying,S8
Batoidea,Rajiformes,Arhynchobatidae,Rhinoraja_macloviana,Oviparity,Lecithotrophic,Lecithotrophic Oviparity,Egg-Laying,S8
Batoidea,Rajiformes,Arhynchobatidae,Rhinoraja_magellanica,Oviparity,Lecithotrophic,Lecithotrophic Oviparity,Egg-Laying,S8
Batoidea,Rajiformes,Arhynchobatidae,Rhinoraja_multispinis,Oviparity,Lecithotrophic,Lecithotrophic Oviparity,Egg-Laying,S8
Batoidea,Rajiformes,Arhynchobatidae,Rhinoraja_murrayi,Oviparity,Lecithotrophic,Lecithotrophic Oviparity,Egg-Laying,S8
Batoidea,Rajiformes,Arhynchobatidae,Rhinoraja_taranetzi,Oviparity,Lecithotrophic,Lecithotrophic Oviparity,Egg-Laying,S8
Batoidea,Rajiformes,Arhynchobatidae,Rioraja_agassizii,Oviparity,Lecithotrophic,Lecithotrophic Oviparity,Egg-Laying,S8
Batoidea,Rajiformes,Arhynchobatidae,Sympterygia_acuta,Oviparity,Lecithotrophic,Lecithotrophic Oviparity,Egg-Laying,S8
Batoidea,Rajiformes,Arhynchobatidae,Sympterygia_bonapartii,Oviparity,Lecithotrophic,Lecithotrophic Oviparity,Egg-Laying,S8
Batoidea,Rajiformes,Rajidae,Amblyraja_badia,Oviparity,Lecithotrophic,Lecithotrophic Oviparity,Egg-Laying,S8
Batoidea,Rajiformes,Rajidae,Amblyraja_doellojuradoi,Oviparity,Lecithotrophic,Lecithotrophic Oviparity,Egg-Laying,S8
Batoidea,Rajiformes,Rajidae,Amblyraja_hyperborea,Oviparity,Lecithotrophic,Lecithotrophic Oviparity,Egg-Laying,S8
Batoidea,Rajiformes,Rajidae,Amblyraja_jenseni,Oviparity,Lecithotrophic,Lecithotrophic Oviparity,Egg-Laying,S8
Batoidea,Rajiformes,Rajidae,Amblyraja_radiata,Oviparity,Lecithotrophic,Lecithotrophic Oviparity,Egg-Laying,S8
Batoidea,Rajiformes,Rajidae,Beringraja_binoculata,Oviparity,Lecithotrophic,Lecithotrophic Oviparity,Egg-Laying,S8
Batoidea,Rajiformes,Rajidae,Beringraja_pulchra,Oviparity,Lecithotrophic,Lecithotrophic Oviparity,Egg-Laying,S8
Batoidea,Rajiformes,Rajidae,Dentiraja_lemprieri,Oviparity,Lecithotrophic,Lecithotrophic Oviparity,Egg-Laying,S8
Batoidea,Rajiformes,Rajidae,Dipturus_australis,Oviparity,Lecithotrophic,Lecithotrophic Oviparity,Egg-Laying,S8
Batoidea,Rajiformes,Rajidae,Dipturus_batis,Oviparity,Lecithotrophic,Lecithotrophic Oviparity,Egg-Laying,S8
Batoidea,Rajiformes,Rajidae,Dipturus_cerva,Oviparity,Lecithotrophic,Lecithotrophic Oviparity,Egg-Laying,S8
Batoidea,Rajiformes,Rajidae,Dipturus_confusus,Oviparity,Lecithotrophic,Lecithotrophic Oviparity,Egg-Laying,S8
Batoidea,Rajiformes,Rajidae,Dipturus_gudgeri,Oviparity,Lecithotrophic,Lecithotrophic Oviparity,Egg-Laying,S8
Batoidea,Rajiformes,Rajidae,Dipturus_healdi,Oviparity,Lecithotrophic,Lecithotrophic Oviparity,Egg-Laying,S8
Batoidea,Rajiformes,Rajidae,Dipturus_innominatus,Oviparity,Lecithotrophic,Lecithotrophic Oviparity,Egg-Laying,S8
Batoidea,Rajiformes,Rajidae,Dipturus_kwangtungensis,Oviparity,Lecithotrophic,Lecithotrophic Oviparity,Egg-Laying,S8
Batoidea,Rajiformes,Rajidae,Dipturus_laevis,Oviparity,Lecithotrophic,Lecithotrophic Oviparity,Egg-Laying,S8
Batoidea,Rajiformes,Rajidae,Dipturus_leptocaudus,Oviparity,Lecithotrophic,Lecithotrophic Oviparity,Egg-Laying,S8
Batoidea,Rajiformes,Rajidae,Dipturus_macrocauda,Oviparity,Lecithotrophic,Lecithotrophic Oviparity,Egg-Laying,S8
Batoidea,Rajiformes,Rajidae,Dipturus_oxyrinchus,Oviparity,Lecithotrophic,Lecithotrophic Oviparity,Egg-Laying,S8
Batoidea,Rajiformes,Rajidae,Dipturus_pullopunctata,Oviparity,Lecithotrophic,Lecithotrophic Oviparity,Egg-Laying,S8
Batoidea,Rajiformes,Rajidae,Dipturus_springeri,Oviparity,Lecithotrophic,Lecithotrophic Oviparity,Egg-Laying,S8
Batoidea,Rajiformes,Rajidae,Dipturus_tengu,Oviparity,Lecithotrophic,Lecithotrophic Oviparity,Egg-Laying,S8
Batoidea,Rajiformes,Rajidae,Dipturus_trachydermus,Oviparity,Lecithotrophic,Lecithotrophic Oviparity,Egg-Laying,S8
Batoidea,Rajiformes,Rajidae,Hongeo_koreana,Oviparity,Lecithotrophic,Lecithotrophic Oviparity,Egg-Laying,S8
Batoidea,Rajiformes,Rajidae,Leucoraja_circularis,Oviparity,Lecithotrophic,Lecithotrophic Oviparity,Egg-Laying,S8
Batoidea,Rajiformes,Rajidae,Leucoraja_erinacea,Oviparity,Lecithotrophic,Lecithotrophic Oviparity,Egg-Laying,S8
Batoidea,Rajiformes,Rajidae,Leucoraja_fullonica,Oviparity,Lecithotrophic,Lecithotrophic Oviparity,Egg-Laying,S8
Batoidea,Rajiformes,Rajidae,Leucoraja_garmani,Oviparity,Lecithotrophic,Lecithotrophic Oviparity,Egg-Laying,S8
Batoidea,Rajiformes,Rajidae,Leucoraja_melitensis,Oviparity,Lecithotrophic,Lecithotrophic Oviparity,Egg-Laying,S8
Batoidea,Rajiformes,Rajidae,Leucoraja_naevus,Oviparity,Lecithotrophic,Lecithotrophic Oviparity,Egg-Laying,S8
Batoidea,Rajiformes,Rajidae,Leucoraja_ocellata,Oviparity,Lecithotrophic,Lecithotrophic Oviparity,Egg-Laying,S8
Batoidea,Rajiformes,Rajidae,Leucoraja_wallacei,Oviparity,Lecithotrophic,Lecithotrophic Oviparity,Egg-Laying,S8
Batoidea,Rajiformes,Rajidae,Malacoraja_kreffti,Oviparity,Lecithotrophic,Lecithotrophic Oviparity,Egg-Laying,S8
Batoidea,Rajiformes,Rajidae,Neoraja_caerulea,Oviparity,Lecithotrophic,Lecithotrophic Oviparity,Egg-Laying,S8
Batoidea,Rajiformes,Rajidae,Okamejei_acutispina,Oviparity,Lecithotrophic,Lecithotrophic Oviparity,Egg-Laying,S8
Batoidea,Rajiformes,Rajidae,Okamejei_boesemani,Oviparity,Lecithotrophic,Lecithotrophic Oviparity,Egg-Laying,S8
Batoidea,Rajiformes,Rajidae,Okamejei_cairae,Oviparity,Lecithotrophic,Lecithotrophic Oviparity,Egg-Laying,S8
Batoidea,Rajiformes,Rajidae,Okamejei_hollandi,Oviparity,Lecithotrophic,Lecithotrophic Oviparity,Egg-Laying,S8
Batoidea,Rajiformes,Rajidae,Okamejei_jensenae,Oviparity,Lecithotrophic,Lecithotrophic Oviparity,Egg-Laying,S8
Batoidea,Rajiformes,Rajidae,Okamejei_kenojei,Oviparity,Lecithotrophic,Lecithotrophic Oviparity,Egg-Laying,S8
Batoidea,Rajiformes,Rajidae,Okamejei_meerdervoortii,Oviparity,Lecithotrophic,Lecithotrophic Oviparity,Egg-Laying,S8
Batoidea,Rajiformes,Rajidae,Raja_asterias,Oviparity,Lecithotrophic,Lecithotrophic Oviparity,Egg-Laying,S8
Batoidea,Rajiformes,Rajidae,Raja_brachyura,Oviparity,Lecithotrophic,Lecithotrophic Oviparity,Egg-Laying,S8
Batoidea,Rajiformes,Rajidae,Raja_clavata,Oviparity,Lecithotrophic,Lecithotrophic Oviparity,Egg-Laying,S8
Batoidea,Rajiformes,Rajidae,Raja_inornata,Oviparity,Lecithotrophic,Lecithotrophic Oviparity,Egg-Laying,S8
Batoidea,Rajiformes,Rajidae,Raja_maderensis,Oviparity,Lecithotrophic,Lecithotrophic Oviparity,Egg-Laying,S8
Batoidea,Rajiformes,Rajidae,Raja_microocellata,Oviparity,Lecithotrophic,Lecithotrophic Oviparity,Egg-Laying,S8
Batoidea,Rajiformes,Rajidae,Raja_miraletus,Oviparity,Lecithotrophic,Lecithotrophic Oviparity,Egg-Laying,S8
Batoidea,Rajiformes,Rajidae,Raja_montagui,Oviparity,Lecithotrophic,Lecithotrophic Oviparity,Egg-Laying,S8
Batoidea,Rajiformes,Rajidae,Raja_radula,Oviparity,Lecithotrophic,Lecithotrophic Oviparity,Egg-Laying,S8
Batoidea,Rajiformes,Rajidae,Raja_rhina,Oviparity,Lecithotrophic,Lecithotrophic Oviparity,Egg-Laying,S8
Batoidea,Rajiformes,Rajidae,Raja_stellulata,Oviparity,Lecithotrophic,Lecithotrophic Oviparity,Egg-Laying,S8
Batoidea,Rajiformes,Rajidae,Raja_straeleni,Oviparity,Lecithotrophic,Lecithotrophic Oviparity,Egg-Laying,S8
Batoidea,Rajiformes,Rajidae,Raja_undulata,Oviparity,Lecithotrophic,Lecithotrophic Oviparity,Egg-Laying,S8
Batoidea,Rajiformes,Rajidae,Raja_velezi,Oviparity,Lecithotrophic,Lecithotrophic Oviparity,Egg-Laying,S8
Batoidea,Rajiformes,Rajidae,Rajella_barnardi,Oviparity,Lecithotrophic,Lecithotrophic Oviparity,Egg-Laying,S8
Batoidea,Rajiformes,Rajidae,Rajella_bathyphila,Oviparity,Lecithotrophic,Lecithotrophic Oviparity,Egg-Laying,S8
Batoidea,Rajiformes,Rajidae,Rajella_bigelowi,Oviparity,Lecithotrophic,Lecithotrophic Oviparity,Egg-Laying,S8
Batoidea,Rajiformes,Rajidae,Rajella_caudaspinosa,Oviparity,Lecithotrophic,Lecithotrophic Oviparity,Egg-Laying,S8
Batoidea,Rajiformes,Rajidae,Rajella_fyllae,Oviparity,Lecithotrophic,Lecithotrophic Oviparity,Egg-Laying,S8
Batoidea,Rajiformes,Rajidae,Rajella_kukujevi,Oviparity,Lecithotrophic,Lecithotrophic Oviparity,Egg-Laying,S8
Batoidea,Rajiformes,Rajidae,Rajella_leopardus,Oviparity,Lecithotrophic,Lecithotrophic Oviparity,Egg-Laying,S8
Batoidea,Rajiformes,Rajidae,Rostroraja_alba,Oviparity,Lecithotrophic,Lecithotrophic Oviparity,Egg-Laying,S8
Batoidea,Rajiformes,Rajidae,Zearaja_nasuta,Oviparity,Lecithotrophic,Lecithotrophic Oviparity,Egg-Laying,S8
Batoidea,Rhinopristiformes,Pristidae,Anoxypristis_cuspidata,Viviparity,Lecithotrophic,Lecithotrophic Viviparity,Yolk-sac Live-bearing,S8
Batoidea,Rhinopristiformes,Pristidae,Pristis_clavata,Viviparity,Lecithotrophic,Lecithotrophic Viviparity,Yolk-sac Live-bearing,S8
Batoidea,Rhinopristiformes,Pristidae,Pristis_pectinata,Viviparity,Lecithotrophic,Lecithotrophic Viviparity,Yolk-sac Live-bearing,S8
Batoidea,Rhinopristiformes,Pristidae,Pristis_pristis,Viviparity,Lecithotrophic,Lecithotrophic Viviparity,Yolk-sac Live-bearing,S8
Batoidea,Rhinopristiformes,Pristidae,Pristis_zijsron,Viviparity,Lecithotrophic,Lecithotrophic Viviparity,Yolk-sac Live-bearing,S8
Batoidea,Rhinopristiformes,Rhinidae,Rhina_ancylostoma,Viviparity,Lecithotrophic,Lecithotrophic Viviparity,Yolk-sac Live-bearing,S8
Batoidea,Rhinopristiformes,Rhinobatidae,Acroteriobatus_annulatus,Viviparity,Lecithotrophic,Lecithotrophic Viviparity,Yolk-sac Live-bearing,S8
Batoidea,Rhinopristiformes,Rhinobatidae,Acroteriobatus_variegatus,Viviparity,Lecithotrophic,Lecithotrophic Viviparity,Yolk-sac Live-bearing,S8
Batoidea,Rhinopristiformes,Rhinobatidae,Aptychotrema_rostrata,Viviparity,Lecithotrophic,Lecithotrophic Viviparity,Yolk-sac Live-bearing,S8
Batoidea,Rhinopristiformes,Rhinobatidae,Aptychotrema_vincentiana,Viviparity,Lecithotrophic,Lecithotrophic Viviparity,Yolk-sac Live-bearing,S8
Batoidea,Rhinopristiformes,Rhinobatidae,Glaucostegus_cemiculus,Viviparity,Lecithotrophic,Lecithotrophic Viviparity,Yolk-sac Live-bearing,S8
Batoidea,Rhinopristiformes,Rhinobatidae,Glaucostegus_thouin,Viviparity,Lecithotrophic,Lecithotrophic Viviparity,Yolk-sac Live-bearing,S8
Batoidea,Rhinopristiformes,Rhinobatidae,Glaucostegus_typus,Viviparity,Lecithotrophic,Lecithotrophic Viviparity,Yolk-sac Live-bearing,S8
Batoidea,Rhinopristiformes,Rhinobatidae,Rhinobatos_annandalei,Viviparity,Lecithotrophic,Lecithotrophic Viviparity,Yolk-sac Live-bearing,S8
Batoidea,Rhinopristiformes,Rhinobatidae,Rhinobatos_formosensis,Viviparity,Lecithotrophic,Lecithotrophic Viviparity,Yolk-sac Live-bearing,S8
Batoidea,Rhinopristiformes,Rhinobatidae,Rhinobatos_glaucostigma,Viviparity,Lecithotrophic,Lecithotrophic Viviparity,Yolk-sac Live-bearing,S8
Batoidea,Rhinopristiformes,Rhinobatidae,Rhinobatos_horkelii,Viviparity,Lecithotrophic,Lecithotrophic Viviparity,Yolk-sac Live-bearing,S8
Batoidea,Rhinopristiformes,Rhinobatidae,Rhinobatos_hynnicephalus,Viviparity,Lecithotrophic,Lecithotrophic Viviparity,Yolk-sac Live-bearing,S8
Batoidea,Rhinopristiformes,Rhinobatidae,Rhinobatos_jimbaranensis,Viviparity,Lecithotrophic,Lecithotrophic Viviparity,Yolk-sac Live-bearing,S8
Batoidea,Rhinopristiformes,Rhinobatidae,Rhinobatos_lentiginosus,Viviparity,Lecithotrophic,Lecithotrophic Viviparity,Yolk-sac Live-bearing,S8
Batoidea,Rhinopristiformes,Rhinobatidae,Rhinobatos_penggali,Viviparity,Lecithotrophic,Lecithotrophic Viviparity,Yolk-sac Live-bearing,S8
Batoidea,Rhinopristiformes,Rhinobatidae,Rhinobatos_percellens,Viviparity,Lecithotrophic,Lecithotrophic Viviparity,Yolk-sac Live-bearing,S8
Batoidea,Rhinopristiformes,Rhinobatidae,Rhinobatos_productus,Viviparity,Lecithotrophic,Lecithotrophic Viviparity,Yolk-sac Live-bearing,S12
Batoidea,Rhinopristiformes,Rhinobatidae,Rhinobatos_punctifer,Viviparity,Lecithotrophic,Lecithotrophic Viviparity,Yolk-sac Live-bearing,S8
Batoidea,Rhinopristiformes,Rhinobatidae,Rhinobatos_rhinobatos,Viviparity,Lecithotrophic,Lecithotrophic Viviparity,Yolk-sac Live-bearing,S8
Batoidea,Rhinopristiformes,Rhinobatidae,Rhinobatos_schlegelii,Viviparity,Lecithotrophic,Lecithotrophic Viviparity,Yolk-sac Live-bearing,S8
Batoidea,Rhinopristiformes,Rhinobatidae,Trygonorrhina_fasciata,Viviparity,Lecithotrophic,Lecithotrophic Viviparity,Yolk-sac Live-bearing,S8
Batoidea,Rhinopristiformes,Rhinobatidae,Zapteryx_brevirostris,Viviparity,Lecithotrophic,Lecithotrophic Viviparity,Yolk-sac Live-bearing,S8
Batoidea,Rhinopristiformes,Rhinobatidae,Zapteryx_exasperata,Viviparity,Lecithotrophic,Lecithotrophic Viviparity,Yolk-sac Live-bearing,S8
Batoidea,Rhinopristiformes,Rhynchobatidae,Rhynchobatus_australiae,Viviparity,Lecithotrophic,Lecithotrophic Viviparity,Yolk-sac Live-bearing,S8
Batoidea,Rhinopristiformes,Rhynchobatidae,Rhynchobatus_djiddensis,Viviparity,Lecithotrophic,Lecithotrophic Viviparity,Yolk-sac Live-bearing,S8
Batoidea,Rhinopristiformes,Rhynchobatidae,Rhynchobatus_laevis,Viviparity,Lecithotrophic,Lecithotrophic Viviparity,Yolk-sac Live-bearing,S8
Batoidea,Rhinopristiformes,Rhynchobatidae,Rhynchobatus_palpebratus,Viviparity,Lecithotrophic,Lecithotrophic Viviparity,Yolk-sac Live-bearing,S8
Batoidea,Rhinopristiformes,Zanobatidae,Zanobatus_schoenleinii,Viviparity,Lecithotrophic,Lecithotrophic Viviparity,Yolk-sac Live-bearing,S8
Batoidea,Torpediniformes,Narcinidae,Diplobatis_ommata,Viviparity,Lecithotrophic,Lecithotrophic Viviparity,Yolk-sac Live-bearing,S8
Batoidea,Torpediniformes,Narcinidae,Narcine_brevilabiata,Viviparity,Lecithotrophic,Lecithotrophic Viviparity,Yolk-sac Live-bearing,S8
Batoidea,Torpediniformes,Narcinidae,Narcine_brunnea,Viviparity,Lecithotrophic,Lecithotrophic Viviparity,Yolk-sac Live-bearing,S8
Batoidea,Torpediniformes,Narcinidae,Narcine_entemedor,Viviparity,Lecithotrophic,Lecithotrophic Viviparity,Yolk-sac Live-bearing,S8
Batoidea,Torpediniformes,Narcinidae,Narcine_lasti,Viviparity,Lecithotrophic,Lecithotrophic Viviparity,Yolk-sac Live-bearing,S8
Batoidea,Torpediniformes,Narcinidae,Narcine_tasmaniensis,Viviparity,Lecithotrophic,Lecithotrophic Viviparity,Yolk-sac Live-bearing,S8
Batoidea,Torpediniformes,Narcinidae,Narcine_timlei,Viviparity,Lecithotrophic,Lecithotrophic Viviparity,Yolk-sac Live-bearing,S8
Batoidea,Torpediniformes,Narcinidae,Narcine_westraliensis,Viviparity,Lecithotrophic,Lecithotrophic Viviparity,Yolk-sac Live-bearing,S8
Batoidea,Torpediniformes,Narkidae,Typhlonarke_aysoni,Viviparity,Lecithotrophic,Lecithotrophic Viviparity,Yolk-sac Live-bearing,S8
Batoidea,Torpediniformes,Torpedinidae,Torpedo_californica,Viviparity,Lecithotrophic,Lecithotrophic Viviparity,Yolk-sac Live-bearing,S8
Batoidea,Torpediniformes,Torpedinidae,Torpedo_fuscomaculata,Viviparity,Lecithotrophic,Lecithotrophic Viviparity,Yolk-sac Live-bearing,S8
Batoidea,Torpediniformes,Torpedinidae,Torpedo_mackayana,Viviparity,Lecithotrophic,Lecithotrophic Viviparity,Yolk-sac Live-bearing,S8
Batoidea,Torpediniformes,Torpedinidae,Torpedo_macneilli,Viviparity,Lecithotrophic,Lecithotrophic Viviparity,Yolk-sac Live-bearing,S8
Batoidea,Torpediniformes,Torpedinidae,Torpedo_marmorata,Viviparity,Lecithotrophic,Lecithotrophic Viviparity,Yolk-sac Live-bearing,S8
Batoidea,Torpediniformes,Torpedinidae,Torpedo_nobiliana,Viviparity,Lecithotrophic,Lecithotrophic Viviparity,Yolk-sac Live-bearing,S8
Batoidea,Torpediniformes,Torpedinidae,Torpedo_sinuspersici,Viviparity,Lecithotrophic,Lecithotrophic Viviparity,Yolk-sac Live-bearing,S8
Batoidea,Torpediniformes,Torpedinidae,Torpedo_tokionis,Viviparity,Lecithotrophic,Lecithotrophic Viviparity,Yolk-sac Live-bearing,S8
Batoidea,Torpediniformes,Torpedinidae,Torpedo_torpedo,Viviparity,Lecithotrophic,Lecithotrophic Viviparity,Yolk-sac Live-bearing,S8
Batoidea,Torpediniformes,Platyrhinidae,Platyrhina_sinensis,Viviparity,Lecithotrophic,Lecithotrophic Viviparity,Yolk-sac Live-bearing,S8
Batoidea,Torpediniformes,Platyrhinidae,Platyrhinoidis_triseriata,Viviparity,Lecithotrophic,Lecithotrophic Viviparity,Yolk-sac Live-bearing,S8
Holocephali,Chimaeriformes,Callorhinchidae,Callorhinchus_callorynchus,Oviparity,Lecithotrophic,Lecithotrophic Oviparity,Egg-Laying,S3
Holocephali,Chimaeriformes,Callorhinchidae,Callorhinchus_capensis,Oviparity,Lecithotrophic,Lecithotrophic Oviparity,Egg-Laying,S3
Holocephali,Chimaeriformes,Callorhinchidae,Callorhinchus_milii,Oviparity,Lecithotrophic,Lecithotrophic Oviparity,Egg-Laying,S7
Holocephali,Chimaeriformes,Chimaeridae,Chimaera_fulva,Oviparity,Lecithotrophic,Lecithotrophic Oviparity,Egg-Laying,S7
Holocephali,Chimaeriformes,Chimaeridae,Chimaera_lignaria,Oviparity,Lecithotrophic,Lecithotrophic Oviparity,Egg-Laying,S7
Holocephali,Chimaeriformes,Chimaeridae,Chimaera_monstrosa,Oviparity,Lecithotrophic,Lecithotrophic Oviparity,Egg-Laying,S3
Holocephali,Chimaeriformes,Chimaeridae,Chimaera_opalescens,Oviparity,Lecithotrophic,Lecithotrophic Oviparity,Egg-Laying,S3
Holocephali,Chimaeriformes,Chimaeridae,Chimaera_panthera,Oviparity,Lecithotrophic,Lecithotrophic Oviparity,Egg-Laying,S3
Holocephali,Chimaeriformes,Chimaeridae,Chimaera_phantasma,Oviparity,Lecithotrophic,Lecithotrophic Oviparity,Egg-Laying,S3
Holocephali,Chimaeriformes,Chimaeridae,Hydrolagus_affinis,Oviparity,Lecithotrophic,Lecithotrophic Oviparity,Egg-Laying,S3
Holocephali,Chimaeriformes,Chimaeridae,Hydrolagus_africanus,Oviparity,Lecithotrophic,Lecithotrophic Oviparity,Egg-Laying,S3
Holocephali,Chimaeriformes,Chimaeridae,Hydrolagus_barbouri,Oviparity,Lecithotrophic,Lecithotrophic Oviparity,Egg-Laying,S3
Holocephali,Chimaeriformes,Chimaeridae,Hydrolagus_bemisi,Oviparity,Lecithotrophic,Lecithotrophic Oviparity,Egg-Laying,S3
Holocephali,Chimaeriformes,Chimaeridae,Hydrolagus_colliei,Oviparity,Lecithotrophic,Lecithotrophic Oviparity,Egg-Laying,S3
Holocephali,Chimaeriformes,Chimaeridae,Hydrolagus_lemures,Oviparity,Lecithotrophic,Lecithotrophic Oviparity,Egg-Laying,S7
Holocephali,Chimaeriformes,Chimaeridae,Hydrolagus_melanophasma,Oviparity,Lecithotrophic,Lecithotrophic Oviparity,Egg-Laying,S3
Holocephali,Chimaeriformes,Chimaeridae,Hydrolagus_mirabilis,Oviparity,Lecithotrophic,Lecithotrophic Oviparity,Egg-Laying,S3
Holocephali,Chimaeriformes,Chimaeridae,Hydrolagus_mitsukurii,Oviparity,Lecithotrophic,Lecithotrophic Oviparity,Egg-Laying,S3
Holocephali,Chimaeriformes,Chimaeridae,Hydrolagus_novaezealandiae,Oviparity,Lecithotrophic,Lecithotrophic Oviparity,Egg-Laying,S3
Holocephali,Chimaeriformes,Chimaeridae,Hydrolagus_ogilbyi,Oviparity,Lecithotrophic,Lecithotrophic Oviparity,Egg-Laying,S7
Holocephali,Chimaeriformes,Chimaeridae,Hydrolagus_trolli,Oviparity,Lecithotrophic,Lecithotrophic Oviparity,Egg-Laying,S7
Holocephali,Chimaeriformes,Rhinochimaeridae,Harriotta_raleighana,Oviparity,Lecithotrophic,Lecithotrophic Oviparity,Egg-Laying,S7
Holocephali,Chimaeriformes,Rhinochimaeridae,Neoharriotta_pinnata,Oviparity,Lecithotrophic,Lecithotrophic Oviparity,Egg-Laying,S3
Holocephali,Chimaeriformes,Rhinochimaeridae,Rhinochimaera_africana,Oviparity,Lecithotrophic,Lecithotrophic Oviparity,Egg-Laying,S7
Holocephali,Chimaeriformes,Rhinochimaeridae,Rhinochimaera_pacifica,Oviparity,Lecithotrophic,Lecithotrophic Oviparity,Egg-Laying,S7
Galeomorphs,Carcharhiniformes,Carcharhinidae,Carcharhinus_acronotus,Viviparity,Matrotrophic,Matrotrophic Viviparity,Placental,S4
Galeomorphs,Carcharhiniformes,Carcharhinidae,Carcharhinus_albimarginatus,Viviparity,Matrotrophic,Matrotrophic Viviparity,Placental,S4
Galeomorphs,Carcharhiniformes,Carcharhinidae,Carcharhinus_altimus,Viviparity,Matrotrophic,Matrotrophic Viviparity,Placental,S4
Galeomorphs,Carcharhiniformes,Carcharhinidae,Carcharhinus_amblyrhynchoides,Viviparity,Matrotrophic,Matrotrophic Viviparity,Placental,S4
Galeomorphs,Carcharhiniformes,Carcharhinidae,Carcharhinus_amblyrhynchos,Viviparity,Matrotrophic,Matrotrophic Viviparity,Placental,S4
Galeomorphs,Carcharhiniformes,Carcharhinidae,Carcharhinus_borneensis,Viviparity,Matrotrophic,Matrotrophic Viviparity,Placental,S4
Galeomorphs,Carcharhiniformes,Carcharhinidae,Carcharhinus_brachyurus,Viviparity,Matrotrophic,Matrotrophic Viviparity,Placental,S4
Galeomorphs,Carcharhiniformes,Carcharhinidae,Carcharhinus_brevipinna,Viviparity,Matrotrophic,Matrotrophic Viviparity,Placental,S4
Galeomorphs,Carcharhiniformes,Carcharhinidae,Carcharhinus_cautus,Viviparity,Matrotrophic,Matrotrophic Viviparity,Placental,S4
Galeomorphs,Carcharhiniformes,Carcharhinidae,Carcharhinus_dussumieri,Viviparity,Matrotrophic,Matrotrophic Viviparity,Placental,S4
Galeomorphs,Carcharhiniformes,Carcharhinidae,Carcharhinus_falciformis,Viviparity,Matrotrophic,Matrotrophic Viviparity,Placental,S4
Galeomorphs,Carcharhiniformes,Carcharhinidae,Carcharhinus_fitzroyensis,Viviparity,Matrotrophic,Matrotrophic Viviparity,Placental,S4
Galeomorphs,Carcharhiniformes,Carcharhinidae,Carcharhinus_galapagensis,Viviparity,Matrotrophic,Matrotrophic Viviparity,Placental,S4
Galeomorphs,Carcharhiniformes,Carcharhinidae,Carcharhinus_isodon,Viviparity,Matrotrophic,Matrotrophic Viviparity,Placental,S4
Galeomorphs,Carcharhiniformes,Carcharhinidae,Carcharhinus_leiodon,Viviparity,Matrotrophic,Matrotrophic Viviparity,Placental,S4
Galeomorphs,Carcharhiniformes,Carcharhinidae,Carcharhinus_leucas,Viviparity,Matrotrophic,Matrotrophic Viviparity,Placental,S4
Galeomorphs,Carcharhiniformes,Carcharhinidae,Carcharhinus_limbatus,Viviparity,Matrotrophic,Matrotrophic Viviparity,Placental,S4
Galeomorphs,Carcharhiniformes,Carcharhinidae,Carcharhinus_longimanus,Viviparity,Matrotrophic,Matrotrophic Viviparity,Placental,S4
Galeomorphs,Carcharhiniformes,Carcharhinidae,Carcharhinus_macloti,Viviparity,Matrotrophic,Matrotrophic Viviparity,Placental,S4
Galeomorphs,Carcharhiniformes,Carcharhinidae,Carcharhinus_melanopterus,Viviparity,Matrotrophic,Matrotrophic Viviparity,Placental,S4
Galeomorphs,Carcharhiniformes,Carcharhinidae,Carcharhinus_obscurus,Viviparity,Matrotrophic,Matrotrophic Viviparity,Placental,S4
Galeomorphs,Carcharhiniformes,Carcharhinidae,Carcharhinus_perezi,Viviparity,Matrotrophic,Matrotrophic Viviparity,Placental,S4
Galeomorphs,Carcharhiniformes,Carcharhinidae,Carcharhinus_plumbeus,Viviparity,Matrotrophic,Matrotrophic Viviparity,Placental,S4
Galeomorphs,Carcharhiniformes,Carcharhinidae,Carcharhinus_sealei,Viviparity,Matrotrophic,Matrotrophic Viviparity,Placental,S4
Galeomorphs,Carcharhiniformes,Carcharhinidae,Carcharhinus_signatus,Viviparity,Matrotrophic,Matrotrophic Viviparity,Placental,S4
Galeomorphs,Carcharhiniformes,Carcharhinidae,Carcharhinus_sorrah,Viviparity,Matrotrophic,Matrotrophic Viviparity,Placental,S4
Galeomorphs,Carcharhiniformes,Carcharhinidae,Carcharhinus_tilstoni,Viviparity,Matrotrophic,Matrotrophic Viviparity,Placental,S4
Galeomorphs,Carcharhiniformes,Galeocerdidae,Galeocerdo_cuvier,Viviparity,Matrotrophic,Matrotrophic Viviparity,Mucoid Histotrophy,S4
Galeomorphs,Carcharhiniformes,Carcharhinidae,Glyphis_fowlerae,Viviparity,Matrotrophic,Matrotrophic Viviparity,Placental,S4
Galeomorphs,Carcharhiniformes,Carcharhinidae,Glyphis_gangeticus,Viviparity,Matrotrophic,Matrotrophic Viviparity,Placental,S4
Galeomorphs,Carcharhiniformes,Carcharhinidae,Glyphis_garricki,Viviparity,Matrotrophic,Matrotrophic Viviparity,Placental,S4
Galeomorphs,Carcharhiniformes,Carcharhinidae,Glyphis_glyphis,Viviparity,Matrotrophic,Matrotrophic Viviparity,Placental,S4
Galeomorphs,Carcharhiniformes,Carcharhinidae,Lamiopsis_temminckii,Viviparity,Matrotrophic,Matrotrophic Viviparity,Placental,S1
Galeomorphs,Carcharhiniformes,Carcharhinidae,Loxodon_macrorhinus,Viviparity,Matrotrophic,Matrotrophic Viviparity,Placental,S4
Galeomorphs,Carcharhiniformes,Carcharhinidae,Nasolamia_velox,Viviparity,Matrotrophic,Matrotrophic Viviparity,Placental,S4
Galeomorphs,Carcharhiniformes,Carcharhinidae,Negaprion_acutidens,Viviparity,Matrotrophic,Matrotrophic Viviparity,Placental,S4
Galeomorphs,Carcharhiniformes,Carcharhinidae,Negaprion_brevirostris,Viviparity,Matrotrophic,Matrotrophic Viviparity,Placental,S4
Galeomorphs,Carcharhiniformes,Carcharhinidae,Prionace_glauca,Viviparity,Matrotrophic,Matrotrophic Viviparity,Placental,S4
Galeomorphs,Carcharhiniformes,Carcharhinidae,Rhizoprionodon_acutus,Viviparity,Matrotrophic,Matrotrophic Viviparity,Placental,S4
Galeomorphs,Carcharhiniformes,Carcharhinidae,Rhizoprionodon_lalandii,Viviparity,Matrotrophic,Matrotrophic Viviparity,Placental,S4
Galeomorphs,Carcharhiniformes,Carcharhinidae,Rhizoprionodon_longurio,Viviparity,Matrotrophic,Matrotrophic Viviparity,Placental,S4
Galeomorphs,Carcharhiniformes,Carcharhinidae,Rhizoprionodon_oligolinx,Viviparity,Matrotrophic,Matrotrophic Viviparity,Placental,S4
Galeomorphs,Carcharhiniformes,Carcharhinidae,Rhizoprionodon_porosus,Viviparity,Matrotrophic,Matrotrophic Viviparity,Placental,S4
Galeomorphs,Carcharhiniformes,Carcharhinidae,Rhizoprionodon_taylori,Viviparity,Matrotrophic,Matrotrophic Viviparity,Placental,S4
Galeomorphs,Carcharhiniformes,Carcharhinidae,Rhizoprionodon_terraenovae,Viviparity,Matrotrophic,Matrotrophic Viviparity,Placental,S4
Galeomorphs,Carcharhiniformes,Carcharhinidae,Scoliodon_laticaudus,Viviparity,Matrotrophic,Matrotrophic Viviparity,Placental,S4
Galeomorphs,Carcharhiniformes,Carcharhinidae,Scoliodon_macrorhynchos,Viviparity,Matrotrophic,Matrotrophic Viviparity,Placental,S4
Galeomorphs,Carcharhiniformes,Carcharhinidae,Triaenodon_obesus,Viviparity,Matrotrophic,Matrotrophic Viviparity,Placental,S4
Galeomorphs,Carcharhiniformes,Hemigaleidae,Chaenogaleus_macrostoma,Viviparity,Matrotrophic,Matrotrophic Viviparity,Placental,S4
Galeomorphs,Carcharhiniformes,Hemigaleidae,Hemigaleus_australiensis,Viviparity,Matrotrophic,Matrotrophic Viviparity,Placental,S4
Galeomorphs,Carcharhiniformes,Hemigaleidae,Hemigaleus_microstoma,Viviparity,Matrotrophic,Matrotrophic Viviparity,Placental,S4
Galeomorphs,Carcharhiniformes,Hemigaleidae,Hemipristis_elongata,Viviparity,Matrotrophic,Matrotrophic Viviparity,Placental,S4
Galeomorphs,Carcharhiniformes,Hemigaleidae,Paragaleus_pectoralis,Viviparity,Matrotrophic,Matrotrophic Viviparity,Placental,S4
Galeomorphs,Carcharhiniformes,Proscyllidae,Proscyllium_habereri,Oviparity,Lecithotrophic,Lecithotrophic Oviparity,Egg-Laying,S4
Galeomorphs,Carcharhiniformes,Pseudotriakidae,Gollum_attenuatus,Viviparity,Matrotrophic,Matrotrophic Viviparity,Oophagy,S4
Galeomorphs,Carcharhiniformes,Pseudotriakidae,Pseudotriakis_microdon,Viviparity,Matrotrophic,Matrotrophic Viviparity,Oophagy,S4
Galeomorphs,Carcharhiniformes,Scyliorhinidae I,Apristurus_albisoma,Oviparity,Lecithotrophic,Lecithotrophic Oviparity,Egg-Laying,S4
Galeomorphs,Carcharhiniformes,Scyliorhinidae I,Apristurus_ampliceps,Oviparity,Lecithotrophic,Lecithotrophic Oviparity,Egg-Laying,S4
Galeomorphs,Carcharhiniformes,Scyliorhinidae I,Apristurus_aphyodes,Oviparity,Lecithotrophic,Lecithotrophic Oviparity,Egg-Laying,S4
Galeomorphs,Carcharhiniformes,Scyliorhinidae I,Apristurus_australis,Oviparity,Lecithotrophic,Lecithotrophic Oviparity,Egg-Laying,S4
Galeomorphs,Carcharhiniformes,Scyliorhinidae I,Apristurus_brunneus,Oviparity,Lecithotrophic,Lecithotrophic Oviparity,Egg-Laying,S4
Galeomorphs,Carcharhiniformes,Scyliorhinidae I,Apristurus_exsanguis,Oviparity,Lecithotrophic,Lecithotrophic Oviparity,Egg-Laying,S4
Galeomorphs,Carcharhiniformes,Scyliorhinidae I,Apristurus_fedorovi,Oviparity,Lecithotrophic,Lecithotrophic Oviparity,Egg-Laying,S4
Galeomorphs,Carcharhiniformes,Scyliorhinidae I,Apristurus_japonicus,Oviparity,Lecithotrophic,Lecithotrophic Oviparity,Egg-Laying,S4
Galeomorphs,Carcharhiniformes,Scyliorhinidae I,Apristurus_kampae,Oviparity,Lecithotrophic,Lecithotrophic Oviparity,Egg-Laying,S4
Galeomorphs,Carcharhiniformes,Scyliorhinidae I,Apristurus_laurussonii,Oviparity,Lecithotrophic,Lecithotrophic Oviparity,Egg-Laying,S4
Galeomorphs,Carcharhiniformes,Scyliorhinidae I,Apristurus_longicephalus,Oviparity,Lecithotrophic,Lecithotrophic Oviparity,Egg-Laying,S4
Galeomorphs,Carcharhiniformes,Scyliorhinidae I,Apristurus_macrorhynchus,Oviparity,Lecithotrophic,Lecithotrophic Oviparity,Egg-Laying,S4
Galeomorphs,Carcharhiniformes,Scyliorhinidae I,Apristurus_manis,Oviparity,Lecithotrophic,Lecithotrophic Oviparity,Egg-Laying,S4
Galeomorphs,Carcharhiniformes,Scyliorhinidae I,Apristurus_melanoasper,Oviparity,Lecithotrophic,Lecithotrophic Oviparity,Egg-Laying,S4
Galeomorphs,Carcharhiniformes,Scyliorhinidae I,Apristurus_microps,Oviparity,Lecithotrophic,Lecithotrophic Oviparity,Egg-Laying,S4
Galeomorphs,Carcharhiniformes,Scyliorhinidae I,Apristurus_pinguis,Oviparity,Lecithotrophic,Lecithotrophic Oviparity,Egg-Laying,S4
Galeomorphs,Carcharhiniformes,Scyliorhinidae I,Apristurus_platyrhynchus,Oviparity,Lecithotrophic,Lecithotrophic Oviparity,Egg-Laying,S4
Galeomorphs,Carcharhiniformes,Scyliorhinidae I,Apristurus_profundorum,Oviparity,Lecithotrophic,Lecithotrophic Oviparity,Egg-Laying,S4
Galeomorphs,Carcharhiniformes,Scyliorhinidae I,Apristurus_sinensis,Oviparity,Lecithotrophic,Lecithotrophic Oviparity,Egg-Laying,S4
Galeomorphs,Carcharhiniformes,Scyliorhinidae I,Asymbolus_parvus,Oviparity,Lecithotrophic,Lecithotrophic Oviparity,Egg-Laying,S4
Galeomorphs,Carcharhiniformes,Scyliorhinidae I,Asymbolus_rubiginosus,Oviparity,Lecithotrophic,Lecithotrophic Oviparity,Egg-Laying,S4
Galeomorphs,Carcharhiniformes,Scyliorhinidae I,Bythaelurus_canescens,Oviparity,Lecithotrophic,Lecithotrophic Viviparity,Egg-Laying,S4
Galeomorphs,Carcharhiniformes,Scyliorhinidae I,Bythaelurus_dawsoni,Oviparity,Lecithotrophic,Lecithotrophic Viviparity,Egg-Laying,S6
Galeomorphs,Carcharhiniformes,Scyliorhinidae I,Figaro_boardmani,Oviparity,Lecithotrophic,Lecithotrophic Oviparity,Egg-Laying,S4
Galeomorphs,Carcharhiniformes,Scyliorhinidae I,Galeus_arae,Oviparity,Lecithotrophic,Lecithotrophic Oviparity,Egg-Laying,S4
Galeomorphs,Carcharhiniformes,Scyliorhinidae I,Galeus_atlanticus,Oviparity,Lecithotrophic,Lecithotrophic Oviparity,Egg-Laying,S4
Galeomorphs,Carcharhiniformes,Scyliorhinidae I,Galeus_eastmani,Oviparity,Lecithotrophic,Lecithotrophic Oviparity,Egg-Laying,S4
Galeomorphs,Carcharhiniformes,Scyliorhinidae I,Galeus_melastomus,Oviparity,Lecithotrophic,Lecithotrophic Oviparity,Egg-Laying,S4
Galeomorphs,Carcharhiniformes,Scyliorhinidae I,Galeus_murinus,Oviparity,Lecithotrophic,Lecithotrophic Oviparity,Egg-Laying,S4
Galeomorphs,Carcharhiniformes,Scyliorhinidae I,Galeus_polli,Viviparity,Lecithotrophic,Lecithotrophic Viviparity,Yolk-sac Live-bearing,S4
Galeomorphs,Carcharhiniformes,Scyliorhinidae I,Galeus_sauteri,Oviparity,Lecithotrophic,Lecithotrophic Oviparity,Egg-Laying,S4
Galeomorphs,Carcharhiniformes,Scyliorhinidae I,Halaelurus_lineatus,Oviparity,Lecithotrophic,Lecithotrophic Oviparity,Egg-Laying,S4
Galeomorphs,Carcharhiniformes,Scyliorhinidae I,Halaelurus_natalensis,Oviparity,Lecithotrophic,Lecithotrophic Oviparity,Egg-Laying,S4
Galeomorphs,Carcharhiniformes,Scyliorhinidae I,Halaelurus_sellus,Oviparity,Lecithotrophic,Lecithotrophic Oviparity,Egg-Laying,S4
Galeomorphs,Carcharhiniformes,Scyliorhinidae I,Haploblepharus_edwardsii,Oviparity,Lecithotrophic,Lecithotrophic Oviparity,Egg-Laying,S4
Galeomorphs,Carcharhiniformes,Scyliorhinidae I,Holohalaelurus_regani,Oviparity,Lecithotrophic,Lecithotrophic Oviparity,Egg-Laying,S4
Galeomorphs,Carcharhiniformes,Scyliorhinidae I,Parmaturus_xaniurus,Oviparity,Lecithotrophic,Lecithotrophic Oviparity,Egg-Laying,S4
Galeomorphs,Carcharhiniformes,Scyliorhinidae II,Atelomycterus_baliensis,Oviparity,Lecithotrophic,Lecithotrophic Oviparity,Egg-Laying,S4
Galeomorphs,Carcharhiniformes,Scyliorhinidae II,Atelomycterus_fasciatus,Oviparity,Lecithotrophic,Lecithotrophic Oviparity,Egg-Laying,S4
Galeomorphs,Carcharhiniformes,Scyliorhinidae II,Atelomycterus_marmoratus,Oviparity,Lecithotrophic,Lecithotrophic Oviparity,Egg-Laying,S4
Galeomorphs,Carcharhiniformes,Scyliorhinidae II,Atelomycterus_marnkalha,Oviparity,Lecithotrophic,Lecithotrophic Oviparity,Egg-Laying,S4
Galeomorphs,Carcharhiniformes,Scyliorhinidae II,Aulohalaelurus_labiosus,Oviparity,Lecithotrophic,Lecithotrophic Oviparity,Egg-Laying,S4
Galeomorphs,Carcharhiniformes,Scyliorhinidae II,Schroederichthys_bivius,Oviparity,Lecithotrophic,Lecithotrophic Oviparity,Egg-Laying,S4
Galeomorphs,Carcharhiniformes,Scyliorhinidae III,Cephaloscyllium_albipinnum,Oviparity,Lecithotrophic,Lecithotrophic Oviparity,Egg-Laying,S4
Galeomorphs,Carcharhiniformes,Scyliorhinidae III,Cephaloscyllium_hiscosellum,Oviparity,Lecithotrophic,Lecithotrophic Oviparity,Egg-Laying,S4
Galeomorphs,Carcharhiniformes,Scyliorhinidae III,Cephaloscyllium_laticeps,Oviparity,Lecithotrophic,Lecithotrophic Oviparity,Egg-Laying,S4
Galeomorphs,Carcharhiniformes,Scyliorhinidae III,Cephaloscyllium_silasi,Oviparity,Lecithotrophic,Lecithotrophic Oviparity,Egg-Laying,S4
Galeomorphs,Carcharhiniformes,Scyliorhinidae III,Cephaloscyllium_umbratile,Oviparity,Lecithotrophic,Lecithotrophic Oviparity,Egg-Laying,S4
Galeomorphs,Carcharhiniformes,Scyliorhinidae III,Cephaloscyllium_variegatum,Oviparity,Lecithotrophic,Lecithotrophic Oviparity,Egg-Laying,S4
Galeomorphs,Carcharhiniformes,Scyliorhinidae III,Cephaloscyllium_ventriosum,Oviparity,Lecithotrophic,Lecithotrophic Oviparity,Egg-Laying,S4
Galeomorphs,Carcharhiniformes,Scyliorhinidae III,Poroderma_africanum,Oviparity,Lecithotrophic,Lecithotrophic Oviparity,Egg-Laying,S4
Galeomorphs,Carcharhiniformes,Scyliorhinidae III,Poroderma_pantherinum,Oviparity,Lecithotrophic,Lecithotrophic Oviparity,Egg-Laying,S4
Galeomorphs,Carcharhiniformes,Scyliorhinidae III,Scyliorhinus_canicula,Oviparity,Lecithotrophic,Lecithotrophic Oviparity,Egg-Laying,S4
Galeomorphs,Carcharhiniformes,Scyliorhinidae III,Scyliorhinus_capensis,Oviparity,Lecithotrophic,Lecithotrophic Oviparity,Egg-Laying,S4
Galeomorphs,Carcharhiniformes,Scyliorhinidae III,Scyliorhinus_retifer,Oviparity,Lecithotrophic,Lecithotrophic Oviparity,Egg-Laying,S4
Galeomorphs,Carcharhiniformes,Scyliorhinidae III,Scyliorhinus_stellaris,Oviparity,Lecithotrophic,Lecithotrophic Oviparity,Egg-Laying,S4
Galeomorphs,Carcharhiniformes,Scyliorhinidae III,Scyliorhinus_torazame,Oviparity,Lecithotrophic,Lecithotrophic Oviparity,Egg-Laying,S4
Galeomorphs,Carcharhiniformes,Sphyrnidae,Eusphyra_blochii,Viviparity,Matrotrophic,Matrotrophic Viviparity,Placental,S4
Galeomorphs,Carcharhiniformes,Sphyrnidae,Sphyrna_corona,Viviparity,Matrotrophic,Matrotrophic Viviparity,Placental,S4
Galeomorphs,Carcharhiniformes,Sphyrnidae,Sphyrna_lewini,Viviparity,Matrotrophic,Matrotrophic Viviparity,Placental,S4
Galeomorphs,Carcharhiniformes,Sphyrnidae,Sphyrna_media,Viviparity,Matrotrophic,Matrotrophic Viviparity,Placental,S4
Galeomorphs,Carcharhiniformes,Sphyrnidae,Sphyrna_mokarran,Viviparity,Matrotrophic,Matrotrophic Viviparity,Placental,S4
Galeomorphs,Carcharhiniformes,Sphyrnidae,Sphyrna_tiburo,Viviparity,Matrotrophic,Matrotrophic Viviparity,Placental,S4
Galeomorphs,Carcharhiniformes,Sphyrnidae,Sphyrna_tudes,Viviparity,Matrotrophic,Matrotrophic Viviparity,Placental,S4
Galeomorphs,Carcharhiniformes,Sphyrnidae,Sphyrna_zygaena,Viviparity,Matrotrophic,Matrotrophic Viviparity,Placental,S4
Galeomorphs,Carcharhiniformes,Triakidae,Furgaleus_macki,Viviparity,Matrotrophic,Matrotrophic Viviparity,Mucoid Histotrophy,S7
Galeomorphs,Carcharhiniformes,Triakidae,Galeorhinus_galeus,Viviparity,Lecithotrophic,Lecithotrophic Viviparity,Yolk-sac Live-bearing,S4
Galeomorphs,Carcharhiniformes,Triakidae,Hemitriakis_complicofasciata,Viviparity,Lecithotrophic,Lecithotrophic Viviparity,Yolk-sac Live-bearing,S4
Galeomorphs,Carcharhiniformes,Triakidae,Hemitriakis_falcata,Viviparity,Lecithotrophic,Lecithotrophic Viviparity,Yolk-sac Live-bearing,S4
Galeomorphs,Carcharhiniformes,Triakidae,Hemitriakis_japanica,Viviparity,Lecithotrophic,Lecithotrophic Viviparity,Yolk-sac Live-bearing,S4
Galeomorphs,Carcharhiniformes,Triakidae,Hemitriakis_leucoperiptera,Viviparity,Lecithotrophic,Lecithotrophic Viviparity,Yolk-sac Live-bearing,S4
Galeomorphs,Carcharhiniformes,Triakidae,Hypogaleus_hyugaensis,Viviparity,Matrotrophic,Matrotrophic Viviparity,Placental,S4
Galeomorphs,Carcharhiniformes,Triakidae,Iago_garricki,Viviparity,Matrotrophic,Matrotrophic Viviparity,Placental,S4
Galeomorphs,Carcharhiniformes,Triakidae,Iago_omanensis,Viviparity,Matrotrophic,Matrotrophic Viviparity,Placental,S4
Galeomorphs,Carcharhiniformes,Triakidae,Mustelus_antarcticus,Viviparity,Matrotrophic,Matrotrophic Viviparity,Mucoid Histotrophy,S4
Galeomorphs,Carcharhiniformes,Triakidae,Mustelus_asterias,Viviparity,Matrotrophic,Matrotrophic Viviparity,Mucoid Histotrophy,S4
Galeomorphs,Carcharhiniformes,Triakidae,Mustelus_californicus,Viviparity,Matrotrophic,Matrotrophic Viviparity,Placental,S4
Galeomorphs,Carcharhiniformes,Triakidae,Mustelus_canis,Viviparity,Matrotrophic,Matrotrophic Viviparity,Placental,S4
Galeomorphs,Carcharhiniformes,Triakidae,Mustelus_henlei,Viviparity,Matrotrophic,Matrotrophic Viviparity,Placental,S4
Galeomorphs,Carcharhiniformes,Triakidae,Mustelus_lenticulatus,Viviparity,Matrotrophic,Matrotrophic Viviparity,Mucoid Histotrophy,S5
Galeomorphs,Carcharhiniformes,Triakidae,Mustelus_lunulatus,Viviparity,Matrotrophic,Matrotrophic Viviparity,Mucoid Histotrophy,S11
Galeomorphs,Carcharhiniformes,Triakidae,Mustelus_manazo,Viviparity,Matrotrophic,Matrotrophic Viviparity,Mucoid Histotrophy,S4
Galeomorphs,Carcharhiniformes,Triakidae,Mustelus_mosis,Viviparity,Matrotrophic,Matrotrophic Viviparity,Mucoid Histotrophy,S4
Galeomorphs,Carcharhiniformes,Triakidae,Mustelus_mustelus,Viviparity,Matrotrophic,Matrotrophic Viviparity,Placental,S4
Galeomorphs,Carcharhiniformes,Triakidae,Mustelus_norrisi,Viviparity,Matrotrophic,Matrotrophic Viviparity,Mucoid Histotrophy,S4
Galeomorphs,Carcharhiniformes,Triakidae,Mustelus_palumbes,Viviparity,Matrotrophic,Matrotrophic Viviparity,Mucoid Histotrophy,S4
Galeomorphs,Carcharhiniformes,Triakidae,Mustelus_punctulatus,Viviparity,Matrotrophic,Matrotrophic Viviparity,Mucoid Histotrophy,S4
Galeomorphs,Carcharhiniformes,Triakidae,Mustelus_ravidus,Viviparity,Matrotrophic,Matrotrophic Viviparity,Mucoid Histotrophy,S4
Galeomorphs,Carcharhiniformes,Triakidae,Mustelus_schmitti,Viviparity,Matrotrophic,Matrotrophic Viviparity,Mucoid Histotrophy,S9
Galeomorphs,Carcharhiniformes,Triakidae,Mustelus_sinusmexicanus,Viviparity,Matrotrophic,Matrotrophic Viviparity,Placental,S4
Galeomorphs,Carcharhiniformes,Triakidae,Mustelus_stevensi,Viviparity,Matrotrophic,Matrotrophic Viviparity,Mucoid Histotrophy,S4
Galeomorphs,Carcharhiniformes,Triakidae,Mustelus_widodoi,Viviparity,Matrotrophic,Matrotrophic Viviparity,Mucoid Histotrophy,S4
Galeomorphs,Carcharhiniformes,Triakidae,Scylliogaleus_quecketti,Viviparity,Matrotrophic,Matrotrophic Viviparity,Placental,S4
Galeomorphs,Carcharhiniformes,Triakidae,Triakis_megalopterus,Viviparity,Lecithotrophic,Lecithotrophic Viviparity,Yolk-sac Live-bearing,S4
Galeomorphs,Carcharhiniformes,Triakidae,Triakis_scyllium,Viviparity,Lecithotrophic,Lecithotrophic Viviparity,Yolk-sac Live-bearing,S4
Galeomorphs,Carcharhiniformes,Triakidae,Triakis_semifasciata,Viviparity,Lecithotrophic,Lecithotrophic Viviparity,Yolk-sac Live-bearing,S4
Galeomorphs,Heterodontiformes,Heterodontidae,Heterodontus_francisci,Oviparity,Lecithotrophic,Lecithotrophic Oviparity,Egg-Laying,S4
Galeomorphs,Heterodontiformes,Heterodontidae,Heterodontus_galeatus,Oviparity,Lecithotrophic,Lecithotrophic Oviparity,Egg-Laying,S4
Galeomorphs,Heterodontiformes,Heterodontidae,Heterodontus_mexicanus,Oviparity,Lecithotrophic,Lecithotrophic Oviparity,Egg-Laying,S4
Galeomorphs,Heterodontiformes,Heterodontidae,Heterodontus_portusjacksoni,Oviparity,Lecithotrophic,Lecithotrophic Oviparity,Egg-Laying,S4
Galeomorphs,Heterodontiformes,Heterodontidae,Heterodontus_zebra,Oviparity,Lecithotrophic,Lecithotrophic Oviparity,Egg-Laying,S4
Galeomorphs,Lamniformes,Alopiidae,Alopias_pelagicus,Viviparity,Matrotrophic,Matrotrophic Viviparity,Oophagy,S4
Galeomorphs,Lamniformes,Alopiidae,Alopias_superciliosus,Viviparity,Matrotrophic,Matrotrophic Viviparity,Oophagy,S4
Galeomorphs,Lamniformes,Alopiidae,Alopias_vulpinus,Viviparity,Matrotrophic,Matrotrophic Viviparity,Oophagy,S4
Galeomorphs,Lamniformes,Cetorhinidae,Cetorhinus_maximus,Viviparity,Matrotrophic,Matrotrophic Viviparity,Oophagy,S4
Galeomorphs,Lamniformes,Lamnidae,Carcharodon_carcharias,Viviparity,Matrotrophic,Matrotrophic Viviparity,Oophagy,S4
Galeomorphs,Lamniformes,Lamnidae,Isurus_oxyrinchus,Viviparity,Matrotrophic,Matrotrophic Viviparity,"Oophagy, possible Adelphphagy",S4
Galeomorphs,Lamniformes,Lamnidae,Isurus_paucus,Viviparity,Matrotrophic,Matrotrophic Viviparity,Oophagy,S4
Galeomorphs,Lamniformes,Lamnidae,Lamna_ditropis,Viviparity,Matrotrophic,Matrotrophic Viviparity,Oophagy,S4
Galeomorphs,Lamniformes,Lamnidae,Lamna_nasus,Viviparity,Matrotrophic,Matrotrophic Viviparity,Oophagy,S4
Galeomorphs,Lamniformes,Megachasmidae,Megachasma_pelagios,Viviparity,Matrotrophic,Matrotrophic Viviparity,Oophagy,S4
Galeomorphs,Lamniformes,Mitsukurinidae,Mitsukurina_owstoni,Viviparity,Matrotrophic,Matrotrophic Viviparity,Oophagy,S4
Galeomorphs,Lamniformes,Odontaspididae,Carcharias_taurus,Viviparity,Matrotrophic,Matrotrophic Viviparity,"Oophagy, Adelphophagy",S4
Galeomorphs,Lamniformes,Odontaspididae,Odontaspis_noronhai,Viviparity,Matrotrophic,Matrotrophic Viviparity,Oophagy,S4
Galeomorphs,Lamniformes,Pseudocarchariidae,Pseudocarcharias_kamoharai,Viviparity,Matrotrophic,Matrotrophic Viviparity,Oophagy,S4
Galeomorphs,Orectolobiformes,Brachaeluridae,Brachaelurus_colcloughi,Viviparity,Lecithotrophic,Lecithotrophic Viviparity,Yolk-sac Live-bearing,S4
Galeomorphs,Orectolobiformes,Brachaeluridae,Brachaelurus_waddi,Viviparity,Lecithotrophic,Lecithotrophic Viviparity,Yolk-sac Live-bearing,S4
Galeomorphs,Orectolobiformes,Ginglymostomatidae,Ginglymostoma_cirratum,Viviparity,Lecithotrophic,Lecithotrophic Viviparity,Yolk-sac Live-bearing,S4
Galeomorphs,Orectolobiformes,Ginglymostomatidae,Nebrius_ferrugineus,Viviparity,Matrotrophic,Matrotrophic Viviparity,Oophagy,S4
Galeomorphs,Orectolobiformes,Ginglymostomatidae,Pseudoginglymostoma_brevicaudatum,Oviparity,Lecithotrophic,Lecithotrophic Oviparity,Egg-Laying,S4
Galeomorphs,Orectolobiformes,Hemiscylliidae,Chiloscyllium_griseum,Oviparity,Lecithotrophic,Lecithotrophic Oviparity,Egg-Laying,S4
Galeomorphs,Orectolobiformes,Hemiscylliidae,Chiloscyllium_hasseltii,Oviparity,Lecithotrophic,Lecithotrophic Oviparity,Egg-Laying,S4
Galeomorphs,Orectolobiformes,Hemiscylliidae,Chiloscyllium_indicum,Oviparity,Lecithotrophic,Lecithotrophic Oviparity,Egg-Laying,S4
Galeomorphs,Orectolobiformes,Hemiscylliidae,Chiloscyllium_plagiosum,Oviparity,Lecithotrophic,Lecithotrophic Oviparity,Egg-Laying,S4
Galeomorphs,Orectolobiformes,Hemiscylliidae,Chiloscyllium_punctatum,Oviparity,Lecithotrophic,Lecithotrophic Oviparity,Egg-Laying,S4
Galeomorphs,Orectolobiformes,Hemiscylliidae,Hemiscyllium_ocellatum,Oviparity,Lecithotrophic,Lecithotrophic Oviparity,Egg-Laying,S4
Galeomorphs,Orectolobiformes,Orectolobidae,Eucrossorhinus_dasypogon,Viviparity,Lecithotrophic,Lecithotrophic Viviparity,Yolk-sac Live-bearing,S4
Galeomorphs,Orectolobiformes,Orectolobidae,Orectolobus_floridus,Viviparity,Lecithotrophic,Lecithotrophic Viviparity,Yolk-sac Live-bearing,S4
Galeomorphs,Orectolobiformes,Orectolobidae,Orectolobus_hutchinsi,Viviparity,Lecithotrophic,Lecithotrophic Viviparity,Yolk-sac Live-bearing,S4
Galeomorphs,Orectolobiformes,Orectolobidae,Orectolobus_japonicus,Viviparity,Lecithotrophic,Lecithotrophic Viviparity,Yolk-sac Live-bearing,S4
Galeomorphs,Orectolobiformes,Orectolobidae,Orectolobus_maculatus,Viviparity,Lecithotrophic,Lecithotrophic Viviparity,Yolk-sac Live-bearing,S4
Galeomorphs,Orectolobiformes,Orectolobidae,Orectolobus_ornatus,Viviparity,Lecithotrophic,Lecithotrophic Viviparity,Yolk-sac Live-bearing,S4
Galeomorphs,Orectolobiformes,Orectolobidae,Orectolobus_parvimaculatus,Viviparity,Lecithotrophic,Lecithotrophic Viviparity,Yolk-sac Live-bearing,S4
Galeomorphs,Orectolobiformes,Orectolobidae,Sutorectus_tentaculatus,Viviparity,Lecithotrophic,Lecithotrophic Viviparity,Yolk-sac Live-bearing,S4
Galeomorphs,Orectolobiformes,Parascyllidae,Parascyllium_collare,Oviparity,Lecithotrophic,Lecithotrophic Oviparity,Egg-Laying,S4
Galeomorphs,Orectolobiformes,Rhincodontidae,Rhincodon_typus,Viviparity,Lecithotrophic,Lecithotrophic Viviparity,Yolk-sac Live-bearing,S4
Galeomorphs,Orectolobiformes,Stegostomatidae,Stegostoma_fasciatum,Oviparity,Lecithotrophic,Lecithotrophic Oviparity,Egg-Laying,S4
Squalimorphs,Hexanchiformes,Chlamydoselachidae,Chlamydoselachus_anguineus,Viviparity,Matrotrophic,Matrotrophic Viviparity,Mucoid Histotrophy,S13
Squalimorphs,Hexanchiformes,Hexanchidae,Heptranchias_perlo,Viviparity,Lecithotrophic,Lecithotrophic Viviparity,Yolk-sac Live-bearing,S4
Squalimorphs,Hexanchiformes,Hexanchidae,Hexanchus_griseus,Viviparity,Lecithotrophic,Lecithotrophic Viviparity,Yolk-sac Live-bearing,S4
Squalimorphs,Hexanchiformes,Hexanchidae,Notorynchus_cepedianus,Viviparity,Lecithotrophic,Lecithotrophic Viviparity,Yolk-sac Live-bearing,S4
Squalimorphs,Pristiophoriformes,Pristiophoridae,Pliotrema_warreni,Viviparity,Lecithotrophic,Lecithotrophic Viviparity,Yolk-sac Live-bearing,S4
Squalimorphs,Pristiophoriformes,Pristiophoridae,Pristiophorus_cirratus,Viviparity,Lecithotrophic,Lecithotrophic Viviparity,Yolk-sac Live-bearing,S4
Squalimorphs,Pristiophoriformes,Pristiophoridae,Pristiophorus_japonicus,Viviparity,Lecithotrophic,Lecithotrophic Viviparity,Yolk-sac Live-bearing,S4
Squalimorphs,Pristiophoriformes,Pristiophoridae,Pristiophorus_nudipinnis,Viviparity,Lecithotrophic,Lecithotrophic Viviparity,Yolk-sac Live-bearing,S4
Squalimorphs,Squaliformes,Centrophoridae,Centrophorus_atromarginatus,Viviparity,Lecithotrophic,Lecithotrophic Viviparity,Yolk-sac Live-bearing,S4
Squalimorphs,Squaliformes,Centrophoridae,Centrophorus_granulosus,Viviparity,Matrotrophic,Matrotrophic Viviparity,Mucoid Histotrophy,S2
Squalimorphs,Squaliformes,Centrophoridae,Centrophorus_harrissoni,Viviparity,Lecithotrophic,Lecithotrophic Viviparity,Yolk-sac Live-bearing,S4
Squalimorphs,Squaliformes,Centrophoridae,Centrophorus_isodon,Viviparity,Lecithotrophic,Lecithotrophic Viviparity,Yolk-sac Live-bearing,S4
Squalimorphs,Squaliformes,Centrophoridae,Centrophorus_moluccensis,Viviparity,Lecithotrophic,Lecithotrophic Viviparity,Yolk-sac Live-bearing,S4
Squalimorphs,Squaliformes,Centrophoridae,Centrophorus_squamosus,Viviparity,Lecithotrophic,Lecithotrophic Viviparity,Yolk-sac Live-bearing,S4
Squalimorphs,Squaliformes,Centrophoridae,Centrophorus_zeehaani,Viviparity,Lecithotrophic,Lecithotrophic Viviparity,Yolk-sac Live-bearing,S4
Squalimorphs,Squaliformes,Centrophoridae,Deania_calcea,Viviparity,Matrotrophic,Matrotrophic Viviparity,Mucoid Histotrophy,S10
Squalimorphs,Squaliformes,Centrophoridae,Deania_hystricosa,Viviparity,Lecithotrophic,Lecithotrophic Viviparity,Yolk-sac Live-bearing,S4
Squalimorphs,Squaliformes,Centrophoridae,Deania_profundorum,Viviparity,Lecithotrophic,Lecithotrophic Viviparity,Yolk-sac Live-bearing,S4
Squalimorphs,Squaliformes,Centrophoridae,Deania_quadrispinosa,Viviparity,Matrotrophic,Matrotrophic Viviparity,Mucoid Histotrophy,S7
Squalimorphs,Squaliformes,Dalatiidae,Dalatias_licha,Viviparity,Lecithotrophic,Lecithotrophic Viviparity,Yolk-sac Live-bearing,S4
Squalimorphs,Squaliformes,Dalatiidae,Euprotomicrus_bispinatus,Viviparity,Lecithotrophic,Lecithotrophic Viviparity,Yolk-sac Live-bearing,S4
Squalimorphs,Squaliformes,Dalatiidae,Isistius_brasiliensis,Viviparity,Lecithotrophic,Lecithotrophic Viviparity,Yolk-sac Live-bearing,S4
Squalimorphs,Squaliformes,Dalatiidae,Squaliolus_aliae,Viviparity,Lecithotrophic,Lecithotrophic Viviparity,Yolk-sac Live-bearing,S4
Squalimorphs,Squaliformes,Dalatiidae,Squaliolus_laticaudus,Viviparity,Lecithotrophic,Lecithotrophic Viviparity,Yolk-sac Live-bearing,S4
Squalimorphs,Squaliformes,Echinorhinidae,Echinorhinus_brucus,Viviparity,Lecithotrophic,Lecithotrophic Viviparity,Yolk-sac Live-bearing,S4
Squalimorphs,Squaliformes,Echinorhinidae,Echinorhinus_cookei,Viviparity,Lecithotrophic,Lecithotrophic Viviparity,Yolk-sac Live-bearing,S4
Squalimorphs,Squaliformes,Etmopteridae,Aculeola_nigra,Viviparity,Lecithotrophic,Lecithotrophic Viviparity,Yolk-sac Live-bearing,S4
Squalimorphs,Squaliformes,Etmopteridae,Centroscyllium_fabricii,Viviparity,Lecithotrophic,Lecithotrophic Viviparity,Yolk-sac Live-bearing,S4
Squalimorphs,Squaliformes,Etmopteridae,Centroscyllium_granulatum,Viviparity,Lecithotrophic,Lecithotrophic Viviparity,Yolk-sac Live-bearing,S4
Squalimorphs,Squaliformes,Etmopteridae,Centroscyllium_nigrum,Viviparity,Lecithotrophic,Lecithotrophic Viviparity,Yolk-sac Live-bearing,S4
Squalimorphs,Squaliformes,Etmopteridae,Centroscyllium_ritteri,Viviparity,Lecithotrophic,Lecithotrophic Viviparity,Yolk-sac Live-bearing,S4
Squalimorphs,Squaliformes,Etmopteridae,Etmopterus_bigelowi,Viviparity,Lecithotrophic,Lecithotrophic Viviparity,Yolk-sac Live-bearing,S4
Squalimorphs,Squaliformes,Etmopteridae,Etmopterus_brachyurus,Viviparity,Lecithotrophic,Lecithotrophic Viviparity,Yolk-sac Live-bearing,S4
Squalimorphs,Squaliformes,Etmopteridae,Etmopterus_dianthus,Viviparity,Lecithotrophic,Lecithotrophic Viviparity,Yolk-sac Live-bearing,S4
Squalimorphs,Squaliformes,Etmopteridae,Etmopterus_dislineatus,Viviparity,Lecithotrophic,Lecithotrophic Viviparity,Yolk-sac Live-bearing,S4
Squalimorphs,Squaliformes,Etmopteridae,Etmopterus_fusus,Viviparity,Lecithotrophic,Lecithotrophic Viviparity,Yolk-sac Live-bearing,S4
Squalimorphs,Squaliformes,Etmopteridae,Etmopterus_gracilispinis,Viviparity,Lecithotrophic,Lecithotrophic Viviparity,Yolk-sac Live-bearing,S4
Squalimorphs,Squaliformes,Etmopteridae,Etmopterus_granulosus,Viviparity,Lecithotrophic,Lecithotrophic Viviparity,Yolk-sac Live-bearing,S4
Squalimorphs,Squaliformes,Etmopteridae,Etmopterus_lucifer,Viviparity,Lecithotrophic,Lecithotrophic Viviparity,Yolk-sac Live-bearing,S4
Squalimorphs,Squaliformes,Etmopteridae,Etmopterus_molleri,Viviparity,Lecithotrophic,Lecithotrophic Viviparity,Yolk-sac Live-bearing,S4
Squalimorphs,Squaliformes,Etmopteridae,Etmopterus_polli,Viviparity,Lecithotrophic,Lecithotrophic Viviparity,Yolk-sac Live-bearing,S4
Squalimorphs,Squaliformes,Etmopteridae,Etmopterus_princeps,Viviparity,Matrotrophic,Matrotrophic Viviparity,Mucoid Histotrophy,S2
Squalimorphs,Squaliformes,Etmopteridae,Etmopterus_pseudosqualiolus,Viviparity,Lecithotrophic,Lecithotrophic Viviparity,Yolk-sac Live-bearing,S4
Squalimorphs,Squaliformes,Etmopteridae,Etmopterus_pusillus,Viviparity,Lecithotrophic,Lecithotrophic Viviparity,Yolk-sac Live-bearing,S4
Squalimorphs,Squaliformes,Etmopteridae,Etmopterus_schultzi,Viviparity,Lecithotrophic,Lecithotrophic Viviparity,Yolk-sac Live-bearing,S4
Squalimorphs,Squaliformes,Etmopteridae,Etmopterus_sentosus,Viviparity,Lecithotrophic,Lecithotrophic Viviparity,Yolk-sac Live-bearing,S4
Squalimorphs,Squaliformes,Etmopteridae,Etmopterus_sheikoi,Viviparity,Lecithotrophic,Lecithotrophic Viviparity,Yolk-sac Live-bearing,S4
Squalimorphs,Squaliformes,Etmopteridae,Etmopterus_spinax,Viviparity,Lecithotrophic,Lecithotrophic Viviparity,Yolk-sac Live-bearing,S4
Squalimorphs,Squaliformes,Etmopteridae,Etmopterus_splendidus,Viviparity,Lecithotrophic,Lecithotrophic Viviparity,Yolk-sac Live-bearing,S4
Squalimorphs,Squaliformes,Etmopteridae,Etmopterus_unicolor,Viviparity,Lecithotrophic,Lecithotrophic Viviparity,Yolk-sac Live-bearing,S4
Squalimorphs,Squaliformes,Etmopteridae,Etmopterus_virens,Viviparity,Lecithotrophic,Lecithotrophic Viviparity,Yolk-sac Live-bearing,S4
Squalimorphs,Squaliformes,Etmopteridae,Trigonognathus_kabeyai,Viviparity,Lecithotrophic,Lecithotrophic Viviparity,Yolk-sac Live-bearing,S4
Squalimorphs,Squaliformes,Oxynotidae,Oxynotus_bruniensis,Viviparity,Lecithotrophic,Lecithotrophic Viviparity,Yolk-sac Live-bearing,S4
Squalimorphs,Squaliformes,Oxynotidae,Oxynotus_centrina,Viviparity,Lecithotrophic,Lecithotrophic Viviparity,Yolk-sac Live-bearing,S4
Squalimorphs,Squaliformes,Oxynotidae,Oxynotus_paradoxus,Viviparity,Lecithotrophic,Lecithotrophic Viviparity,Yolk-sac Live-bearing,S4
Squalimorphs,Squaliformes,Somniosidae,Centroscymnus_coelolepis,Viviparity,Lecithotrophic,Lecithotrophic Viviparity,Yolk-sac Live-bearing,S4
Squalimorphs,Squaliformes,Somniosidae,Centroscymnus_owstonii,Viviparity,Lecithotrophic,Lecithotrophic Viviparity,Yolk-sac Live-bearing,S4
Squalimorphs,Squaliformes,Somniosidae,Centroselachus_crepidater,Viviparity,Lecithotrophic,Lecithotrophic Viviparity,Yolk-sac Live-bearing,S4
Squalimorphs,Squaliformes,Somniosidae,Proscymnodon_plunketi,Viviparity,Matrotrophic,Matrotrophic Viviparity,Mucoid Histotrophy,S4
Squalimorphs,Squaliformes,Somniosidae,Scymnodon_ringens,Viviparity,Matrotrophic,Matrotrophic Viviparity,Mucoid Histotrophy,S4
Squalimorphs,Squaliformes,Somniosidae,Somniosus_antarcticus,Viviparity,Matrotrophic,Matrotrophic Viviparity,Mucoid Histotrophy,S4
Squalimorphs,Squaliformes,Somniosidae,Somniosus_microcephalus,Viviparity,Matrotrophic,Matrotrophic Viviparity,Mucoid Histotrophy,S4
Squalimorphs,Squaliformes,Somniosidae,Somniosus_pacificus,Viviparity,Matrotrophic,Matrotrophic Viviparity,Mucoid Histotrophy,S4
Squalimorphs,Squaliformes,Somniosidae,Somniosus_rostratus,Viviparity,Matrotrophic,Matrotrophic Viviparity,Mucoid Histotrophy,S4
Squalimorphs,Squaliformes,Somniosidae,Zameus_squamulosus,Viviparity,Lecithotrophic,Lecithotrophic Viviparity,Yolk-sac Live-bearing,S4
Squalimorphs,Squaliformes,Squalidae,Cirrhigaleus_asper,Viviparity,Lecithotrophic,Lecithotrophic Viviparity,Yolk-sac Live-bearing,S4
Squalimorphs,Squaliformes,Squalidae,Cirrhigaleus_australis,Viviparity,Lecithotrophic,Lecithotrophic Viviparity,Yolk-sac Live-bearing,S4
Squalimorphs,Squaliformes,Squalidae,Cirrhigaleus_barbifer,Viviparity,Lecithotrophic,Lecithotrophic Viviparity,Yolk-sac Live-bearing,S4
Squalimorphs,Squaliformes,Squalidae,Squalus_acanthias,Viviparity,Lecithotrophic,Lecithotrophic Viviparity,Yolk-sac Live-bearing,S4
Squalimorphs,Squaliformes,Squalidae,Squalus_brevirostris,Viviparity,Lecithotrophic,Lecithotrophic Viviparity,Yolk-sac Live-bearing,S4
Squalimorphs,Squaliformes,Squalidae,Squalus_chloroculus,Viviparity,Lecithotrophic,Lecithotrophic Viviparity,Yolk-sac Live-bearing,S4
Squalimorphs,Squaliformes,Squalidae,Squalus_crassispinus,Viviparity,Lecithotrophic,Lecithotrophic Viviparity,Yolk-sac Live-bearing,S4
Squalimorphs,Squaliformes,Squalidae,Squalus_cubensis,Viviparity,Lecithotrophic,Lecithotrophic Viviparity,Yolk-sac Live-bearing,S4
Squalimorphs,Squaliformes,Squalidae,Squalus_edmundsi,Viviparity,Lecithotrophic,Lecithotrophic Viviparity,Yolk-sac Live-bearing,S4
Squalimorphs,Squaliformes,Squalidae,Squalus_grahami,Viviparity,Lecithotrophic,Lecithotrophic Viviparity,Yolk-sac Live-bearing,S4
Squalimorphs,Squaliformes,Squalidae,Squalus_hemipinnis,Viviparity,Lecithotrophic,Lecithotrophic Viviparity,Yolk-sac Live-bearing,S4
Squalimorphs,Squaliformes,Squalidae,Squalus_japonicus,Viviparity,Lecithotrophic,Lecithotrophic Viviparity,Yolk-sac Live-bearing,S4
Squalimorphs,Squaliformes,Squalidae,Squalus_megalops,Viviparity,Lecithotrophic,Lecithotrophic Viviparity,Yolk-sac Live-bearing,S4
Squalimorphs,Squaliformes,Squalidae,Squalus_mitsukurii,Viviparity,Lecithotrophic,Lecithotrophic Viviparity,Yolk-sac Live-bearing,S4
Squalimorphs,Squaliformes,Squalidae,Squalus_montalbani,Viviparity,Lecithotrophic,Lecithotrophic Viviparity,Yolk-sac Live-bearing,S4
Squalimorphs,Squaliformes,Squalidae,Squalus_nasutus,Viviparity,Lecithotrophic,Lecithotrophic Viviparity,Yolk-sac Live-bearing,S4
Squalimorphs,Squaliformes,Squalidae,Squalus_suckleyi,Viviparity,Lecithotrophic,Lecithotrophic Viviparity,Yolk-sac Live-bearing,S4
Squalimorphs,Squatiniformes,Squatinidae,Squatina_aculeata,Viviparity,Lecithotrophic,Lecithotrophic Viviparity,Yolk-sac Live-bearing,S4
Squalimorphs,Squatiniformes,Squatinidae,Squatina_africana,Viviparity,Lecithotrophic,Lecithotrophic Viviparity,Yolk-sac Live-bearing,S4
Squalimorphs,Squatiniformes,Squatinidae,Squatina_albipunctata,Viviparity,Lecithotrophic,Lecithotrophic Viviparity,Yolk-sac Live-bearing,S4
Squalimorphs,Squatiniformes,Squatinidae,Squatina_armata,Viviparity,Lecithotrophic,Lecithotrophic Viviparity,Yolk-sac Live-bearing,S4
Squalimorphs,Squatiniformes,Squatinidae,Squatina_australis,Viviparity,Lecithotrophic,Lecithotrophic Viviparity,Yolk-sac Live-bearing,S4
Squalimorphs,Squatiniformes,Squatinidae,Squatina_californica,Viviparity,Lecithotrophic,Lecithotrophic Viviparity,Yolk-sac Live-bearing,S4
Squalimorphs,Squatiniformes,Squatinidae,Squatina_dumeril,Viviparity,Lecithotrophic,Lecithotrophic Viviparity,Yolk-sac Live-bearing,S4
Squalimorphs,Squatiniformes,Squatinidae,Squatina_formosa,Viviparity,Lecithotrophic,Lecithotrophic Viviparity,Yolk-sac Live-bearing,S4
Squalimorphs,Squatiniformes,Squatinidae,Squatina_guggenheim,Viviparity,Lecithotrophic,Lecithotrophic Viviparity,Yolk-sac Live-bearing,S4
Squalimorphs,Squatiniformes,Squatinidae,Squatina_japonica,Viviparity,Lecithotrophic,Lecithotrophic Viviparity,Yolk-sac Live-bearing,S4
Squalimorphs,Squatiniformes,Squatinidae,Squatina_legnota,Viviparity,Lecithotrophic,Lecithotrophic Viviparity,Yolk-sac Live-bearing,S4
Squalimorphs,Squatiniformes,Squatinidae,Squatina_nebulosa,Viviparity,Lecithotrophic,Lecithotrophic Viviparity,Yolk-sac Live-bearing,S4
Squalimorphs,Squatiniformes,Squatinidae,Squatina_occulta,Viviparity,Lecithotrophic,Lecithotrophic Viviparity,Yolk-sac Live-bearing,S4
Squalimorphs,Squatiniformes,Squatinidae,Squatina_pseudocellata,Viviparity,Lecithotrophic,Lecithotrophic Viviparity,Yolk-sac Live-bearing,S4
Squalimorphs,Squatiniformes,Squatinidae,Squatina_squatina,Viviparity,Lecithotrophic,Lecithotrophic Viviparity,Yolk-sac Live-bearing,S4
Squalimorphs,Squatiniformes,Squatinidae,Squatina_tergocellata,Viviparity,Lecithotrophic,Lecithotrophic Viviparity,Yolk-sac Live-bearing,S4
Squalimorphs,Squatiniformes,Squatinidae,Squatina_tergocellatoides,Viviparity,Lecithotrophic,Lecithotrophic Viviparity,Yolk-sac Live-bearing,S4
,,,,,,,,
,,,,,,,,
Supplemental References,,,,,,,,
S1,"Akhilesh, K.V., Purushottama, G.B., Thakurdas, and Kizhakudan, S.J. (2017). Biological observations on the broadfin shark Lamiopsis temminckii (Carcharhiniformes: Carcharhinidae). J. Fish Biol. 91, 17211729. 10.1111/jfb.13474.",,,,,,,
S2,"Cotton, C.F., Dean Grubbs, R., Dyb, J.E., Fossen, I., and Musick, J. a. (2015). Reproduction and embryonic development in two species of squaliform sharks, Centrophorus granulosus and Etmopterus princeps: Evidence of matrotrophy? Deep Sea Res. Part II Top. Stud. Oceanogr. 115, 4154. 10.1016/j.dsr2.2014.10.009.",,,,,,,
S3,"Dulvy, N.K., and Reynolds, J.D. (1997). Evolutionary transitions among egg-laying, live-bearing and maternal inputs in sharks and rays. Proc. R. Soc. B Biol. Sci. 264, 13091315. 10.1098/rspb.1997.0181.",,,,,,,
S4,"Ebert, D.A., Fowler, S.L., and Compagno, L.J.V. (2013). Sharks of the world: a fully illustrated guide (Wild Nature Press).",,,,,,,
S5,"Francis, M.P. (1980). Francis & Mace (1980) Reproductive biology of Mustelus lenticulatus.pdf. 14, 303311.",,,,,,,
S6,"Kyne, P.M., and Simpfendorfer, C.A. (2007). A collation and summarization of available data on deepwater Chondrichthyans: biodiversity, life history, and fisheries. Biodivers. Life Hist. Fish. IUCN SSC Shark Spec. Group Mar. Conserv. Biol. Inst., 1137.",,,,,,,
S7,"Last, P.R., and Stevens, J.D.(2009) Sharks and rays of Australia Second. (CSIRO Publishing).",,,,,,,
S8,"Last, P.R., White, W.T., Carvalho, M.R. de, Sret, B., Stehmann, M.F.W., and Naylor, G.J.P. (2016). Rays of the World (CSIOR Publishing).",,,,,,,
S9,"Orlando, L., Pereyra, I., Silveira, S., Paesch, L., Oddone, M.C., and Norbis, W. (2015). Determination of limited histotrophy as the reproductive mode in Mustelus schmitti Springer, 1939 (Chondrichthyes: Triakidae): Analysis of intrauterine growth of embryos. Neotropical Ichthyol. 13, 699706. 10.1590/1982-0224-20150001.",,,,,,,
S10,"Paiva, R.B., Neves, A., Sequeira, V., Nunes, M.L., Gordo, L.S., and Bandarra, N. (2012). Reproductive strategy of the female deep-water shark birdbeak dogfish, Deania calcea: lecithotrophy or matrotrophy? J. Mar. Biol. Assoc. U. K. 92, 387394. 10.1017/S0025315411001743.",,,,,,,
S11,"Prez-Jimnez, J.C., and Sosa-Nishizaki, O. (2010). Determining reproductive parameters for population assessments of two smoothhounds (Mustelus californicus and Mustelus lunulatus) from the northern Gulf of California, Mexico. Bull. Mar. Sci. 86, 313.",,,,,,,
S12,"Romo-Curiel, A.E., Sosa-Nishizaki, O., Prez-Jimnez, J.C., and Rodrguez-Medrano, M.C. (2017). Reproductive cycle and maternalembryonic nutritional relationship of shovelnose guitarfish Pseudobatos productus in the Gulf of California. J. Fish Biol. 90, 889905. 10.1111/jfb.13204.",,,,,,,
S13,"Tanaka, S., Shiobara, Y., Hioki, S., Abe, H., Nishi, G., Yano, K., and Suzuki, K. (1990). The reproductive biology of the frilled shark, Chlamydoselachus anguineus, from Suruga Bay, Japan. Jpn. J. Ichthyol. 37, 273291. 10.11369/jji1950.37.273.",,,,,,,
,,,,,,,,
