scientific_name,gear_class,habitat_associated,estimate_type,estimate,sample_size,method,ventilation_method,max_size_cm,measure,median_depth,reproductive_mode,family,group,order,ac,eo,genus,species,eo_new_gen,ac_new_gen,eo_new_fam,ac_new_fam
Aculeola nigra,,demersal,,,,,stationary,60,,335,yolk-sac viviparity,Etmopteridae,,Squaliformes,6.7768227272727275,0.5305077272727273,Aculeola,nigra,,,0.5305077272727273,6.7768227272727275
Alopias pelagicus,,pelagic,,,,,ram,428,,150,oophagy,Alopiidae,,Lamniformes,9.7281,0.32916,Alopias,pelagicus,0.32916,9.7281,0.32916,9.7281
Alopias superciliosus,,pelagic,,,,,ram,484,,361.5,oophagy,Alopiidae,,Lamniformes,11.023,0.37853,Alopias,superciliosus,0.37853,11.023,0.37853,11.023
Alopias vulpinus,,pelagic,,,,,ram,573.3,,325,oophagy,Alopiidae,,Lamniformes,8.7014,0.29811,Alopias,vulpinus,0.29811,8.7014,0.29811,8.7014
Apristurus albisoma,,bathydemersal,,,,,stationary,59.6,,1249.5,oviparous,Pentanchidae,,Carcharhiniformes,6.9416,-0.034483,Apristurus,albisoma,-0.034483,6.9416,-0.034483,6.9416
Apristurus ampliceps,,bathydemersal,,,,,stationary,85.5,,1151.5,oviparous,Pentanchidae,,Carcharhiniformes,7.0717,-0.16268,Apristurus,ampliceps,-0.16268,7.0717,-0.16268,7.0717
Apristurus aphyodes,,bathypelagic,,,,,stationary,55,,1407,oviparous,Pentanchidae,,Carcharhiniformes,5.45665,0.5133705,Apristurus,aphyodes,0.5133705,5.45665,0.3376993846153846,15.473992307692308
Apristurus australis,,bathypelagic,,,,,stationary,61.59999847,,760.5,oviparous,Pentanchidae,,Carcharhiniformes,5.45665,0.5133705,Apristurus,australis,0.5133705,5.45665,0.3376993846153846,15.473992307692308
Apristurus brunneus,,demersal,,,,,stationary,69.3,,682.5,oviparous,Pentanchidae,,Carcharhiniformes,6.6187,0.50325,Apristurus,brunneus,0.50325,6.6187,0.50325,6.6187
Apristurus bucephalus,,bathydemersal,,,,,stationary,67.5,,1085,oviparous,Pentanchidae,,Carcharhiniformes,5.45665,0.5133705,Apristurus,bucephalus,0.5133705,5.45665,0.3376993846153846,15.473992307692308
Apristurus exsanguis,,bathydemersal,,,,,stationary,90.80000305,,880,oviparous,Pentanchidae,,Carcharhiniformes,5.1806,0.26727,Apristurus,exsanguis,0.26727,5.1806,0.26727,5.1806
Apristurus fedorovi,,bathypelagic,,,,,stationary,68.30000305,,800,oviparous,Pentanchidae,,Carcharhiniformes,5.45665,0.5133705,Apristurus,fedorovi,0.5133705,5.45665,0.3376993846153846,15.473992307692308
Apristurus garricki,,bathydemersal,,,,,stationary,67.5,,858.5,oviparous,Pentanchidae,,Carcharhiniformes,5.45665,0.5133705,Apristurus,garricki,0.5133705,5.45665,0.3376993846153846,15.473992307692308
Apristurus gibbosus,,bathydemersal,,,,,stationary,54.8,,756.5,oviparous,Pentanchidae,,Carcharhiniformes,5.45665,0.5133705,Apristurus,gibbosus,0.5133705,5.45665,0.3376993846153846,15.473992307692308
Apristurus herklotsi,,bathydemersal,,,,,stationary,48.5,,698.5,oviparous,Pentanchidae,,Carcharhiniformes,5.45665,0.5133705,Apristurus,herklotsi,0.5133705,5.45665,0.3376993846153846,15.473992307692308
Apristurus internatus,,bathypelagic,,,,,stationary,41.9,,600,oviparous,Pentanchidae,,Carcharhiniformes,5.45665,0.5133705,Apristurus,internatus,0.5133705,5.45665,0.3376993846153846,15.473992307692308
Apristurus japonicus,,bathydemersal,,,,,stationary,71.1,,867.5,oviparous,Pentanchidae,,Carcharhiniformes,5.45665,0.5133705,Apristurus,japonicus,0.5133705,5.45665,0.3376993846153846,15.473992307692308
Apristurus laurussonii,,bathydemersal,,,,,stationary,76,,1055,oviparous,Pentanchidae,,Carcharhiniformes,3.6345,1.3844,Apristurus,laurussonii,1.3844,3.6345,1.3844,3.6345
Apristurus longicephalus,,bathydemersal,,,,,stationary,60,,815,oviparous,Pentanchidae,,Carcharhiniformes,1.4606,-1.7371,Apristurus,longicephalus,-1.7371,1.4606,-1.7371,1.4606
Apristurus macrorhynchus,,bathydemersal,,,,,stationary,67.4,,680,oviparous,Pentanchidae,,Carcharhiniformes,7.7111,0.19834,Apristurus,macrorhynchus,0.19834,7.7111,0.19834,7.7111
Apristurus macrostomus,,bathydemersal,,,,,stationary,57.3,,644.5,oviparous,Pentanchidae,,Carcharhiniformes,5.45665,0.5133705,Apristurus,macrostomus,0.5133705,5.45665,0.3376993846153846,15.473992307692308
Apristurus manis,,bathydemersal,,,,,stationary,85,,1250,oviparous,Pentanchidae,,Carcharhiniformes,3.908,0.42286,Apristurus,manis,0.42286,3.908,0.42286,3.908
Apristurus melanoasper,,bathypelagic,,,,,stationary,76.09999847,,1016,oviparous,Pentanchidae,,Carcharhiniformes,3.3655,0.63065,Apristurus,melanoasper,0.63065,3.3655,0.63065,3.3655
Apristurus microps,,bathydemersal,,,,,stationary,61,,1600,oviparous,Pentanchidae,,Carcharhiniformes,4.9465,0.93199,Apristurus,microps,0.93199,4.9465,0.93199,4.9465
Apristurus micropterygeus,,bathydemersal,,,,,stationary,38.1,,913,oviparous,Pentanchidae,,Carcharhiniformes,5.45665,0.5133705,Apristurus,micropterygeus,0.5133705,5.45665,0.3376993846153846,15.473992307692308
Apristurus nasutus,,bathydemersal,,,,,stationary,70,,662.5,oviparous,Pentanchidae,,Carcharhiniformes,5.45665,0.5133705,Apristurus,nasutus,0.5133705,5.45665,0.3376993846153846,15.473992307692308
Apristurus pinguis,,bathypelagic,,,,,stationary,83.5,,600,oviparous,Pentanchidae,,Carcharhiniformes,5.45665,0.5133705,Apristurus,pinguis,0.5133705,5.45665,0.3376993846153846,15.473992307692308
Apristurus platyrhynchus,,bathypelagic,,,,,stationary,80,,740,oviparous,Pentanchidae,,Carcharhiniformes,6.2562,2,Apristurus,platyrhynchus,2,6.2562,2,6.2562
Apristurus profundorum,,bathydemersal,,,,,stationary,76,,1425,oviparous,Pentanchidae,,Carcharhiniformes,13.973,-0.35351,Apristurus,profundorum,-0.35351,13.973,-0.35351,13.973
Apristurus saldanha,,bathydemersal,,,,,stationary,88.5,,676.5,oviparous,Pentanchidae,,Carcharhiniformes,4.2887,1.289,Apristurus,saldanha,1.289,4.2887,1.289,4.2887
Apristurus sinensis,,bathydemersal,,,,,stationary,75,,913.5,oviparous,Pentanchidae,,Carcharhiniformes,1.0364,1.8472,Apristurus,sinensis,1.8472,1.0364,1.8472,1.0364
Asymbolus analis,,reef-associated,,,,,stationary,90,,95,oviparous,Pentanchidae,,Carcharhiniformes,6.6223,-0.20773,Asymbolus,analis,-0.20773,6.6223,-0.20773,6.6223
Asymbolus occiduus,,pelagic,,,,,stationary,60.09999847,,249,oviparous,Pentanchidae,,Carcharhiniformes,6.014,-0.016305,Asymbolus,occiduus,-0.016305,6.014,-0.016305,6.014
Asymbolus pallidus,,bathypelagic,,,,,stationary,43.90000153,,313.5,oviparous,Pentanchidae,,Carcharhiniformes,9.5367,0.3898,Asymbolus,pallidus,0.3898,9.5367,0.3898,9.5367
Asymbolus parvus,,pelagic,,,,,stationary,34.90000153,,210,oviparous,Pentanchidae,,Carcharhiniformes,11.033,0.40663,Asymbolus,parvus,0.40663,11.033,0.40663,11.033
Asymbolus rubiginosus,,pelagic,,,,,stationary,39.29999924,,282.5,oviparous,Pentanchidae,,Carcharhiniformes,6.5864,-0.07184,Asymbolus,rubiginosus,-0.07184,6.5864,-0.07184,6.5864
Asymbolus vincenti,,reef-associated,,,,,stationary,61,,338.5,oviparous,Pentanchidae,,Carcharhiniformes,6.3118,-0.13927,Asymbolus,vincenti,-0.13927,6.3118,-0.13927,6.3118
Atelomycterus baliensis,,demersal,,,,,stationary,520,,32.5,oviparous,Scyliorhinidae,,Carcharhiniformes,10.984,-0.6114250000000001,Atelomycterus,baliensis,-0.6114250000000001,10.984,0.3076146,9.56047
Atelomycterus erdmanni,,reef-associated,,,,,stationary,50.09999847,,32.5,oviparous,Scyliorhinidae,,Carcharhiniformes,10.984,-0.6114250000000001,Atelomycterus,erdmanni,-0.6114250000000001,10.984,0.3076146,9.56047
Atelomycterus fasciatus,,demersal,,,,,stationary,45,,74.5,oviparous,Scyliorhinidae,,Carcharhiniformes,10.984,-0.6114250000000001,Atelomycterus,fasciatus,-0.6114250000000001,10.984,0.3076146,9.56047
Atelomycterus macleayi,,reef-associated,,,,,stationary,60,,2,oviparous,Scyliorhinidae,,Carcharhiniformes,1,-1.9652,Atelomycterus,macleayi,-1.9652,1,-1.9652,1
Atelomycterus marmoratus,,reef-associated,,,,,stationary,70,,52.5,oviparous,Scyliorhinidae,,Carcharhiniformes,20.968,0.74235,Atelomycterus,marmoratus,0.74235,20.968,0.74235,20.968
Atelomycterus marnkalha,,benthopelagic,,,,,stationary,47,,42.5,oviparous,Scyliorhinidae,,Carcharhiniformes,10.984,-0.6114250000000001,Atelomycterus,marnkalha,-0.6114250000000001,10.984,0.3076146,9.56047
Aulohalaelurus kanakorum,,reef-associated,,,,,stationary,78.5,,49,oviparous,Scyliorhinidae,,Carcharhiniformes,4.9994,0.012551,Aulohalaelurus,kanakorum,0.012551,4.9994,0.3076146,9.56047
Aulohalaelurus labiosus,,demersal,,,,,stationary,67,,2,oviparous,Scyliorhinidae,,Carcharhiniformes,4.9994,0.012551,Aulohalaelurus,labiosus,0.012551,4.9994,0.012551,4.9994
Brachaelurus colcloughi,,demersal,,,,,stationary,76,,110.5,yolk-sac viviparity,Brachaeluridae,,Orectolobiformes,2.3238,-1.5263,Brachaelurus,colcloughi,-1.5263,2.3238,-1.5263,2.3238
Brachaelurus waddi,,reef-associated,,,,,stationary,122,,70,yolk-sac viviparity,Brachaeluridae,,Orectolobiformes,4.6517,-0.55266,Brachaelurus,waddi,-0.55266,4.6517,-0.55266,4.6517
Bythaelurus bachi,,pelagic,,,,,stationary,42.20000076,,1137.5,oviparous,Pentanchidae,,Carcharhiniformes,97.029375,0.36344750000000003,Bythaelurus,bachi,0.36344750000000003,97.029375,0.3376993846153846,15.473992307692308
Bythaelurus canescens,,bathydemersal,,,,,stationary,70,,475,oviparous,Pentanchidae,,Carcharhiniformes,5.1264,0.39139,Bythaelurus,canescens,0.39139,5.1264,0.39139,5.1264
Bythaelurus clevai,,bathydemersal,,,,,stationary,40,,450,oviparous,Pentanchidae,,Carcharhiniformes,97.029375,0.36344750000000003,Bythaelurus,clevai,0.36344750000000003,97.029375,0.3376993846153846,15.473992307692308
Bythaelurus dawsoni,,bathydemersal,,,,,stationary,45,,625,oviparous,Pentanchidae,,Carcharhiniformes,4.3992000000000004,1.0328,Bythaelurus,dawsoni,1.0328,4.3992000000000004,1.0328,4.3992000000000004
Bythaelurus hispidus,,bathydemersal,,,,,stationary,26,,301.5,oviparous,Pentanchidae,,Carcharhiniformes,375.29,-1.9342,Bythaelurus,hispidus,-1.9342,375.29,-1.9342,375.29
Bythaelurus immaculatus,,bathydemersal,,,,,stationary,71,,777,oviparous,Pentanchidae,,Carcharhiniformes,97.029375,0.36344750000000003,Bythaelurus,immaculatus,0.36344750000000003,97.029375,0.3376993846153846,15.473992307692308
Bythaelurus lutarius,,bathydemersal,,,,,stationary,34,,552,oviparous,Pentanchidae,,Carcharhiniformes,3.3019,1.9638,Bythaelurus,lutarius,1.9638,3.3019,1.9638,3.3019
Bythaelurus naylori,,demersal,,,,,stationary,51.09999847,,766,oviparous,Pentanchidae,,Carcharhiniformes,97.029375,0.36344750000000003,Bythaelurus,naylori,0.36344750000000003,97.029375,0.3376993846153846,15.473992307692308
Bythaelurus tenuicephalus,,pelagic,,,,,stationary,300,,506.5,oviparous,Pentanchidae,,Carcharhiniformes,97.029375,0.36344750000000003,Bythaelurus,tenuicephalus,0.36344750000000003,97.029375,0.3376993846153846,15.473992307692308
Carcharhinus acronotus,,reef-associated,,,,,ram,200,,36.5,oviparous,Carcharhinidae,,Carcharhiniformes,8.3419,0.2041,Carcharhinus,acronotus,0.2041,8.3419,0.2041,8.3419
Carcharhinus albimarginatus,,reef-associated,,,,,ram,300,,400.5,placental viviparity,Carcharhinidae,,Carcharhiniformes,3.5185,-1.2561,Carcharhinus,albimarginatus,-1.2561,3.5185,-1.2561,3.5185
Carcharhinus altimus,,reef-associated,,,,,ram,300,,411,placental viviparity,Carcharhinidae,,Carcharhiniformes,17.283,0.64341,Carcharhinus,altimus,0.64341,17.283,0.64341,17.283
Carcharhinus amblyrhynchoides,,benthopelagic,,,,,ram,182,,37.5,placental viviparity,Carcharhinidae,,Carcharhiniformes,9.610298165137614,0.12569179816513762,Carcharhinus,amblyrhynchoides,0.12569179816513762,9.610298165137614,0.09274179393939394,9.574086666666666
Carcharhinus amboinensis,,reef-associated,,,,,ram,280,,50,placental viviparity,Carcharhinidae,,Carcharhiniformes,9.610298165137614,0.12569179816513762,Carcharhinus,amboinensis,0.12569179816513762,9.610298165137614,0.09274179393939394,9.574086666666666
Carcharhinus borneensis,,demersal,,,,,ram,70,,25,placental viviparity,Carcharhinidae,,Carcharhiniformes,9.610298165137614,0.12569179816513762,Carcharhinus,borneensis,0.12569179816513762,9.610298165137614,0.09274179393939394,9.574086666666666
Carcharhinus cautus,,reef-associated,,,,,ram,150,,10,placental viviparity,Carcharhinidae,,Carcharhiniformes,9.610298165137614,0.12569179816513762,Carcharhinus,cautus,0.12569179816513762,9.610298165137614,0.09274179393939394,9.574086666666666
Carcharhinus cerdale,,demersal,,,,,ram,140,,20,placental viviparity,Carcharhinidae,,Carcharhiniformes,9.610298165137614,0.12569179816513762,Carcharhinus,cerdale,0.12569179816513762,9.610298165137614,0.09274179393939394,9.574086666666666
Carcharhinus coatesi,,reef-associated,,,,,ram,87,,61.5,placental viviparity,Carcharhinidae,,Carcharhiniformes,9.610298165137614,0.12569179816513762,Carcharhinus,coatesi,0.12569179816513762,9.610298165137614,0.09274179393939394,9.574086666666666
Carcharhinus fitzroyensis,,demersal,,,,,ram,135,,20,placental viviparity,Carcharhinidae,,Carcharhiniformes,9.610298165137614,0.12569179816513762,Carcharhinus,fitzroyensis,0.12569179816513762,9.610298165137614,0.09274179393939394,9.574086666666666
Carcharhinus hemiodon,,demersal,,,,,ram,200,,80,placental viviparity,Carcharhinidae,,Carcharhiniformes,9.610298165137614,0.12569179816513762,Carcharhinus,hemiodon,0.12569179816513762,9.610298165137614,0.09274179393939394,9.574086666666666
Carcharhinus humani,,benthopelagic,,,,,ram,84.40000153,,39.5,placental viviparity,Carcharhinidae,,Carcharhiniformes,9.610298165137614,0.12569179816513762,Carcharhinus,humani,0.12569179816513762,9.610298165137614,0.09274179393939394,9.574086666666666
Carcharhinus isodon,,demersal,,,,,ram,200,,10,placental viviparity,Carcharhinidae,,Carcharhiniformes,16.403,0.61285,Carcharhinus,isodon,0.61285,16.403,0.61285,16.403
Carcharhinus leiodon,,demersal,,,,,ram,165,,35,placental viviparity,Carcharhinidae,,Carcharhiniformes,9.610298165137614,0.12569179816513762,Carcharhinus,leiodon,0.12569179816513762,9.610298165137614,0.09274179393939394,9.574086666666666
Carcharhinus longimanus,,pelagic,,,,,ram,350,,541,placental viviparity,Carcharhinidae,,Carcharhiniformes,9.5821,0.29293,Carcharhinus,longimanus,0.29293,9.5821,0.29293,9.5821
Carcharhinus macloti,,demersal,,,,,ram,110,,100.5,placental viviparity,Carcharhinidae,,Carcharhiniformes,9.610298165137614,0.12569179816513762,Carcharhinus,macloti,0.12569179816513762,9.610298165137614,0.09274179393939394,9.574086666666666
Carcharhinus melanopterus,,reef-associated,,,,,ram,180,,50,placental viviparity,Carcharhinidae,,Carcharhiniformes,7.9127,0.20457,Carcharhinus,melanopterus,0.20457,7.9127,0.20457,7.9127
Carcharhinus obsoletus,,demersal,,,,,ram,100,,25,placental viviparity,Carcharhinidae,,Carcharhiniformes,9.610298165137614,0.12569179816513762,Carcharhinus,obsoletus,0.12569179816513762,9.610298165137614,0.09274179393939394,9.574086666666666
Carcharhinus porosus,,demersal,,,,,ram,150,,42,placental viviparity,Carcharhinidae,,Carcharhiniformes,3.888,-0.5927,Carcharhinus,porosus,-0.5927,3.888,-0.5927,3.888
Carcharhinus sealei,,reef-associated,,,,,ram,100,,20,placental viviparity,Carcharhinidae,,Carcharhiniformes,9.610298165137614,0.12569179816513762,Carcharhinus,sealei,0.12569179816513762,9.610298165137614,0.09274179393939394,9.574086666666666
Carcharhinus tilstoni,,benthopelagic,,,,,ram,200,,75,placental viviparity,Carcharhinidae,,Carcharhiniformes,9.610298165137614,0.12569179816513762,Carcharhinus,tilstoni,0.12569179816513762,9.610298165137614,0.09274179393939394,9.574086666666666
Carcharhinus tjutjot,,reef-associated,,,,,ram,93.69999695,,50,placental viviparity,Carcharhinidae,,Carcharhiniformes,9.610298165137614,0.12569179816513762,Carcharhinus,tjutjot,0.12569179816513762,9.610298165137614,0.09274179393939394,9.574086666666666
Carcharias taurus,,reef-associated,,,,,ram,330,,96,oophagy,Odontaspididae,,Lamniformes,9.0956,0.27671,Carcharias,taurus,0.27671,9.0956,0.27671,9.0956
Carcharodon carcharias,,pelagic,,,,,ram,594.4,,600,oophagy,Lamnidae,,Lamniformes,7.7326,0.17436,Carcharodon,carcharias,0.17436,7.7326,0.17436,7.7326
Centrophorus atromarginatus,,bathydemersal,,,,,stationary,87,,316.5,yolk-sac viviparity,Centrophoridae,,Squaliformes,9.716271428571428,0.30073428571428573,Centrophorus,atromarginatus,0.30073428571428573,9.716271428571428,0.2531899,8.68061
Centrophorus granulosus,,bathydemersal,,,,,stationary,176,,775,yolk-sac viviparity,Centrophoridae,,Squaliformes,9.3579,0.29277,Centrophorus,granulosus,0.29277,9.3579,0.29277,9.3579
Centrophorus harrissoni,,bathydemersal,,,,,stationary,111.4000015,,520,yolk-sac viviparity,Centrophoridae,,Squaliformes,6.4469,0.15959,Centrophorus,harrissoni,0.15959,6.4469,0.15959,6.4469
Centrophorus isodon,,bathydemersal,,,,,stationary,108.2,,602.5,yolk-sac viviparity,Centrophoridae,,Squaliformes,9.716271428571428,0.30073428571428573,Centrophorus,isodon,0.30073428571428573,9.716271428571428,0.2531899,8.68061
Centrophorus lesliei,,bathydemersal,,,,,stationary,76.5,,490,yolk-sac viviparity,Centrophoridae,,Squaliformes,9.716271428571428,0.30073428571428573,Centrophorus,lesliei,0.30073428571428573,9.716271428571428,0.2531899,8.68061
Centrophorus longipinnis,,bathydemersal,,,,,stationary,77.5,,395,yolk-sac viviparity,Centrophoridae,,Squaliformes,9.716271428571428,0.30073428571428573,Centrophorus,longipinnis,0.30073428571428573,9.716271428571428,0.2531899,8.68061
Centrophorus moluccensis,,bathydemersal,,,,,stationary,100,,474,yolk-sac viviparity,Centrophoridae,,Squaliformes,6.732,0.16053,Centrophorus,moluccensis,0.16053,6.732,0.16053,6.732
Centrophorus tessellatus,,benthopelagic,,,,,stationary,89,,376,yolk-sac viviparity,Centrophoridae,,Squaliformes,9.716271428571428,0.30073428571428573,Centrophorus,tessellatus,0.30073428571428573,9.716271428571428,0.2531899,8.68061
Centrophorus uyato,,bathydemersal,,,,,stationary,110,,725,yolk-sac viviparity,Centrophoridae,,Squaliformes,18.488,0.65868,Centrophorus,uyato,0.65868,18.488,0.65868,18.488
Centrophorus westraliensis,,bathydemersal,,,,,stationary,90.9,,683,yolk-sac viviparity,Centrophoridae,,Squaliformes,9.716271428571428,0.30073428571428573,Centrophorus,westraliensis,0.30073428571428573,9.716271428571428,0.2531899,8.68061
Centroscyllium excelsum,,bathydemersal,,,,,stationary,63.59999847,,900,yolk-sac viviparity,Etmopteridae,,Squaliformes,4.034025,1.072965,Centroscyllium,excelsum,1.072965,4.034025,0.5305077272727273,6.7768227272727275
Centroscyllium fabricii,,bathydemersal,,,,,stationary,120,,1190,yolk-sac viviparity,Etmopteridae,,Squaliformes,8.0273,0.41602,Centroscyllium,fabricii,0.41602,8.0273,0.41602,8.0273
Centroscyllium granulatum,,bathypelagic,,,,,stationary,61.5,,355,yolk-sac viviparity,Etmopteridae,,Squaliformes,4.034025,1.072965,Centroscyllium,granulatum,1.072965,4.034025,0.5305077272727273,6.7768227272727275
Centroscyllium kamoharai,,bathydemersal,,,,,stationary,60,,965,yolk-sac viviparity,Etmopteridae,,Squaliformes,1.0739,1.6748,Centroscyllium,kamoharai,1.6748,1.0739,1.6748,1.0739
Centroscyllium nigrum,,benthopelagic,,,,,stationary,51,,719.5,yolk-sac viviparity,Etmopteridae,,Squaliformes,6.0349,0.27614,Centroscyllium,nigrum,0.27614,6.0349,0.27614,6.0349
Centroscyllium ornatum,,bathydemersal,,,,,stationary,30,,891.5,yolk-sac viviparity,Etmopteridae,,Squaliformes,4.034025,1.072965,Centroscyllium,ornatum,1.072965,4.034025,0.5305077272727273,6.7768227272727275
Centroscyllium ritteri,,demersal,,,,,stationary,43,,605,yolk-sac viviparity,Etmopteridae,,Squaliformes,1,1.9249,Centroscyllium,ritteri,1.9249,1,1.9249,1
Centroscymnus macracanthus,,bathydemersal,,,,,stationary,170,,884.5,yolk-sac viviparity,Somniosidae,,Squaliformes,4.9641,1.2655500000000002,Centroscymnus,macracanthus,1.2655500000000002,4.9641,1.2916283333333334,3.9000666666666666
Centroscymnus owstonii,,bathydemersal,,,,,stationary,148,,800,yolk-sac viviparity,Somniosidae,,Squaliformes,5.3314,1.167,Centroscymnus,owstonii,1.167,5.3314,1.167,5.3314
Centroselachus crepidater,,bathydemersal,,,,,stationary,105,,1140,yolk-sac viviparity,Somniosidae,,Squaliformes,3.9000666666666666,1.2916283333333334,Centroselachus,crepidater,,,1.2916283333333334,3.9000666666666666
Cephaloscyllium albipinnum,,bathypelagic,,,,,stationary,110,,340,yolk-sac viviparity,Scyliorhinidae,,Carcharhiniformes,6.171,0.32001,Cephaloscyllium,albipinnum,0.32001,6.171,0.32001,6.171
Cephaloscyllium fasciatum,,reef-associated,,,,,stationary,42,,325,yolk-sac viviparity,Scyliorhinidae,,Carcharhiniformes,6.36654,0.3490374,Cephaloscyllium,fasciatum,0.3490374,6.36654,0.3076146,9.56047
Cephaloscyllium formosanum,,reef-associated,,,,,stationary,65.5,,366,yolk-sac viviparity,Scyliorhinidae,,Carcharhiniformes,6.36654,0.3490374,Cephaloscyllium,formosanum,0.3490374,6.36654,0.3076146,9.56047
Cephaloscyllium hiscosellum,,bathypelagic,,,,,stationary,52,,357,yolk-sac viviparity,Scyliorhinidae,,Carcharhiniformes,6.36654,0.3490374,Cephaloscyllium,hiscosellum,0.3490374,6.36654,0.3076146,9.56047
Cephaloscyllium isabellum,,reef-associated,,,,,stationary,150,,399.5,yolk-sac viviparity,Scyliorhinidae,,Carcharhiniformes,6.3707,0.076747,Cephaloscyllium,isabellum,0.076747,6.3707,0.076747,6.3707
Cephaloscyllium laticeps,,demersal,,,,,stationary,150,,110.5,yolk-sac viviparity,Scyliorhinidae,,Carcharhiniformes,6.1457,0.17244,Cephaloscyllium,laticeps,0.17244,6.1457,0.17244,6.1457
Cephaloscyllium sarawakensis,,benthopelagic,,,,,stationary,44.1,,141,yolk-sac viviparity,Scyliorhinidae,,Carcharhiniformes,6.36654,0.3490374,Cephaloscyllium,sarawakensis,0.3490374,6.36654,0.3076146,9.56047
Cephaloscyllium signourum,,benthopelagic,,,,,stationary,74.1,,590,yolk-sac viviparity,Scyliorhinidae,,Carcharhiniformes,6.36654,0.3490374,Cephaloscyllium,signourum,0.3490374,6.36654,0.3076146,9.56047
Cephaloscyllium silasi,,bathydemersal,,,,,stationary,36,,375,yolk-sac viviparity,Scyliorhinidae,,Carcharhiniformes,6.36654,0.3490374,Cephaloscyllium,silasi,0.3490374,6.36654,0.3076146,9.56047
Cephaloscyllium speccum,,benthopelagic,,,,,stationary,68,,302.5,yolk-sac viviparity,Scyliorhinidae,,Carcharhiniformes,6.36654,0.3490374,Cephaloscyllium,speccum,0.3490374,6.36654,0.3076146,9.56047
Cephaloscyllium sufflans,,demersal,,,,,stationary,110,,320,yolk-sac viviparity,Scyliorhinidae,,Carcharhiniformes,5.9196,0.98341,Cephaloscyllium,sufflans,0.98341,5.9196,0.98341,5.9196
Cephaloscyllium umbratile,,reef-associated,,,,,stationary,120,,260,yolk-sac viviparity,Scyliorhinidae,,Carcharhiniformes,6.36654,0.3490374,Cephaloscyllium,umbratile,0.3490374,6.36654,0.3076146,9.56047
Cephaloscyllium variegatum,,bathypelagic,,,,,stationary,72,,360,yolk-sac viviparity,Scyliorhinidae,,Carcharhiniformes,7.2257,0.19258,Cephaloscyllium,variegatum,0.19258,7.2257,0.19258,7.2257
Cephaloscyllium ventriosum,,demersal,,,,,stationary,110,,231,yolk-sac viviparity,Scyliorhinidae,,Carcharhiniformes,6.36654,0.3490374,Cephaloscyllium,ventriosum,0.3490374,6.36654,0.3076146,9.56047
Cephalurus cephalus,,bathydemersal,,,,,stationary,28,,541,yolk-sac viviparity,Pentanchidae,,Carcharhiniformes,15.473992307692308,0.3376993846153846,Cephalurus,cephalus,,,0.3376993846153846,15.473992307692308
Cetorhinus maximus,,pelagic,,,,,ram,1097.3,,632,oophagy,Cetorhinidae,,Lamniformes,7.3075,0.16017,Cetorhinus,maximus,0.16017,7.3075,0.16017,7.3075
Chiloscyllium arabicum,,demersal,,,,,stationary,80,,51,oviparous,Hemiscylliidae,,Orectolobiformes,9.5884,0.30241333333333337,Chiloscyllium,arabicum,0.30241333333333337,9.5884,0.24332600000000001,8.54112
Chiloscyllium burmensis,,demersal,,,,,stationary,57.5,,31,oviparous,Hemiscylliidae,,Orectolobiformes,9.5884,0.30241333333333337,Chiloscyllium,burmensis,0.30241333333333337,9.5884,0.24332600000000001,8.54112
Chiloscyllium griseum,,reef-associated,,,,,stationary,77,,52.5,oviparous,Hemiscylliidae,,Orectolobiformes,8.7153,0.26055,Chiloscyllium,griseum,0.26055,8.7153,0.26055,8.7153
Chiloscyllium hasselti,,reef-associated,,,,,stationary,61,,6,oviparous,Hemiscylliidae,,Orectolobiformes,9.5884,0.30241333333333337,Chiloscyllium,hasselti,0.30241333333333337,9.5884,0.24332600000000001,8.54112
Chiloscyllium indicum,,demersal,,,,,stationary,65,,45,oviparous,Hemiscylliidae,,Orectolobiformes,9.5884,0.30241333333333337,Chiloscyllium,indicum,0.30241333333333337,9.5884,0.24332600000000001,8.54112
Chiloscyllium plagiosum,,reef-associated,,,,,stationary,83,,25,oviparous,Hemiscylliidae,,Orectolobiformes,9.3569,0.30347,Chiloscyllium,plagiosum,0.30347,9.3569,0.30347,9.3569
Chiloscyllium punctatum,,reef-associated,,,,,stationary,132,,42.5,oviparous,Hemiscylliidae,,Orectolobiformes,10.693,0.34322,Chiloscyllium,punctatum,0.34322,10.693,0.34322,10.693
Chlamydoselachus africana,,benthopelagic,,,,,ram,99,,850,oophagy,Chlamydoselachidae,,Hexanchiformes,6.588,1.4058,Chlamydoselachus,africana,1.4058,6.588,1.4058,6.588
Chlamydoselachus anguineus,,bathydemersal,,,,,ram,200,,785,oophagy,Chlamydoselachidae,,Hexanchiformes,6.588,1.4058,Chlamydoselachus,anguineus,1.4058,6.588,1.4058,6.588
Cirrhigaleus asper,,bathydemersal,,,,,stationary,120,,425,yolk-sac viviparity,Squalidae,,Squaliformes,8.3281,0.33737,Cirrhigaleus,asper,0.33737,8.3281,0.33737,8.3281
Cirrhigaleus australis,,pelagic,,,,,stationary,123,,500,yolk-sac viviparity,Squalidae,,Squaliformes,8.3281,0.33737,Cirrhigaleus,australis,0.33737,8.3281,0.15190123333333333,7.49614
Cirrhigaleus barbifer,,bathydemersal,,,,,stationary,126,,395,yolk-sac viviparity,Squalidae,,Squaliformes,8.3281,0.33737,Cirrhigaleus,barbifer,0.33737,8.3281,0.15190123333333333,7.49614
Cirrhoscyllium expolitum,,demersal,,,,,stationary,34,,185,oviparous,Parascylliidae,,Orectolobiformes,10.205,0.45403,Cirrhoscyllium,expolitum,0.45403,10.205,0.45403,10.205
Cirrhoscyllium formosanum,,demersal,,,,,stationary,39,,215,oviparous,Parascylliidae,,Orectolobiformes,10.205,0.45403,Cirrhoscyllium,formosanum,0.45403,10.205,0.04167499999999999,7.1752666666666665
Cirrhoscyllium japonicum,,bathydemersal,,,,,stationary,48.5,,270,oviparous,Parascylliidae,,Orectolobiformes,10.205,0.45403,Cirrhoscyllium,japonicum,0.45403,10.205,0.04167499999999999,7.1752666666666665
Dalatias licha,,bathydemersal,,,,,stationary,182,,915.5,yolk-sac viviparity,Dalatiidae,,Squaliformes,9.7975,0.3521,Dalatias,licha,0.3521,9.7975,0.3521,9.7975
Deania profundorum,,bathydemersal,,,,,stationary,97,,1002.5,yolk-sac viviparity,Centrophoridae,,Squaliformes,6.0616,0.050219,Deania,profundorum,0.050219,6.0616,0.050219,6.0616
Deania quadrispinosa,,bathydemersal,,,,,stationary,118,,755,yolk-sac viviparity,Centrophoridae,,Squaliformes,6.4249,0.14676,Deania,quadrispinosa,0.14676,6.4249,0.14676,6.4249
Echinorhinus brucus,,bathydemersal,,,,,stationary,310,,455,yolk-sac viviparity,Echinorhinidae,,Echinorhiniformes,6.4253,0.10705,Echinorhinus,brucus,0.10705,6.4253,0.10705,6.4253
Echinorhinus cookei,,benthopelagic,,,,,stationary,400,,555.5,yolk-sac viviparity,Echinorhinidae,,Echinorhiniformes,6.4253,0.10705,Echinorhinus,cookei,0.10705,6.4253,0.10705,6.4253
Eridacnis barbouri,,bathydemersal,,,,,ram,200,,525,yolk-sac viviparity,Proscylliidae,,Carcharhiniformes,1.0541,-1.9428,Eridacnis,barbouri,-1.9428,1.0541,-1.9428,1.0541
Eridacnis radcliffei,,bathydemersal,,,,,ram,23,,418.5,yolk-sac viviparity,Proscylliidae,,Carcharhiniformes,8.0327,0.2672,Eridacnis,radcliffei,0.2672,8.0327,0.2672,8.0327
Eridacnis sinuans,,bathydemersal,,,,,ram,37,,330,yolk-sac viviparity,Proscylliidae,,Carcharhiniformes,6.5241,0.75707,Eridacnis,sinuans,0.75707,6.5241,0.75707,6.5241
Etmopterus alphus,,pelagic,,,,,stationary,33.59999847,,632,yolk-sac viviparity,Etmopteridae,,Squaliformes,7.386333333333333,0.40996166666666667,Etmopterus,alphus,0.40996166666666667,7.386333333333333,0.5305077272727273,6.7768227272727275
Etmopterus bigelowi,,pelagic,,,,,stationary,67,,581.5,yolk-sac viviparity,Etmopteridae,,Squaliformes,6.8893,0.17107,Etmopterus,bigelowi,0.17107,6.8893,0.17107,6.8893
Etmopterus brachyurus,,pelagic,,,,,stationary,50,,398,yolk-sac viviparity,Etmopteridae,,Squaliformes,8.0241,0.61929,Etmopterus,brachyurus,0.61929,8.0241,0.61929,8.0241
Etmopterus brosei,,pelagic,,,,,stationary,45.09999847,,840,yolk-sac viviparity,Etmopteridae,,Squaliformes,7.386333333333333,0.40996166666666667,Etmopterus,brosei,0.40996166666666667,7.386333333333333,0.5305077272727273,6.7768227272727275
Etmopterus bullisi,,pelagic,,,,,stationary,30.3,,550,yolk-sac viviparity,Etmopteridae,,Squaliformes,8.1573,0.27801,Etmopterus,bullisi,0.27801,8.1573,0.27801,8.1573
Etmopterus burgessi,,pelagic,,,,,stationary,35.5,,450,yolk-sac viviparity,Etmopteridae,,Squaliformes,7.386333333333333,0.40996166666666667,Etmopterus,burgessi,0.40996166666666667,7.386333333333333,0.5305077272727273,6.7768227272727275
Etmopterus compagnoi,,pelagic,,,,,stationary,78,,841.5,yolk-sac viviparity,Etmopteridae,,Squaliformes,5.8621,0.15689,Etmopterus,compagnoi,0.15689,5.8621,0.15689,5.8621
Etmopterus decacuspidatus,,pelagic,,,,,stationary,29,,602,yolk-sac viviparity,Etmopteridae,,Squaliformes,7.386333333333333,0.40996166666666667,Etmopterus,decacuspidatus,0.40996166666666667,7.386333333333333,0.5305077272727273,6.7768227272727275
Etmopterus dianthus,,pelagic,,,,,stationary,40.90000153,,540,yolk-sac viviparity,Etmopteridae,,Squaliformes,7.386333333333333,0.40996166666666667,Etmopterus,dianthus,0.40996166666666667,7.386333333333333,0.5305077272727273,6.7768227272727275
Etmopterus dislineatus,,pelagic,,,,,stationary,44.79999924,,695,yolk-sac viviparity,Etmopteridae,,Squaliformes,7.386333333333333,0.40996166666666667,Etmopterus,dislineatus,0.40996166666666667,7.386333333333333,0.5305077272727273,6.7768227272727275
Etmopterus evansi,,pelagic,,,,,stationary,32,,559.5,yolk-sac viviparity,Etmopteridae,,Squaliformes,7.386333333333333,0.40996166666666667,Etmopterus,evansi,0.40996166666666667,7.386333333333333,0.5305077272727273,6.7768227272727275
Etmopterus fusus,,pelagic,,,,,stationary,25.799999239999998,,490,yolk-sac viviparity,Etmopteridae,,Squaliformes,7.386333333333333,0.40996166666666667,Etmopterus,fusus,0.40996166666666667,7.386333333333333,0.5305077272727273,6.7768227272727275
Etmopterus gracilispinis,,pelagic,,,,,stationary,35,,612.5,yolk-sac viviparity,Etmopteridae,,Squaliformes,7.6064,0.24758,Etmopterus,gracilispinis,0.24758,7.6064,0.24758,7.6064
Etmopterus granulosus,,pelagic,,,,,stationary,86,,920,yolk-sac viviparity,Etmopteridae,,Squaliformes,7.386333333333333,0.40996166666666667,Etmopterus,granulosus,0.40996166666666667,7.386333333333333,0.5305077272727273,6.7768227272727275
Etmopterus hillianus,,pelagic,,,,,stationary,29.5,,448.5,yolk-sac viviparity,Etmopteridae,,Squaliformes,9.023,0.31197,Etmopterus,hillianus,0.31197,9.023,0.31197,9.023
Etmopterus joungi,,pelagic,,,,,stationary,40.59999847,,300,yolk-sac viviparity,Etmopteridae,,Squaliformes,7.386333333333333,0.40996166666666667,Etmopterus,joungi,0.40996166666666667,7.386333333333333,0.5305077272727273,6.7768227272727275
Etmopterus lailae,,pelagic,,,,,stationary,36.79999924,,349,yolk-sac viviparity,Etmopteridae,,Squaliformes,7.386333333333333,0.40996166666666667,Etmopterus,lailae,0.40996166666666667,7.386333333333333,0.5305077272727273,6.7768227272727275
Etmopterus litvinovi,,bathydemersal,,,,,stationary,61,,865,yolk-sac viviparity,Etmopteridae,,Squaliformes,7.386333333333333,0.40996166666666667,Etmopterus,litvinovi,0.40996166666666667,7.386333333333333,0.5305077272727273,6.7768227272727275
Etmopterus lucifer,,pelagic,,,,,stationary,55,,753.5,yolk-sac viviparity,Etmopteridae,,Squaliformes,9.0476,0.33532,Etmopterus,lucifer,0.33532,9.0476,0.33532,9.0476
Etmopterus marshae,,pelagic,,,,,stationary,23.39999962,,329.5,yolk-sac viviparity,Etmopteridae,,Squaliformes,7.386333333333333,0.40996166666666667,Etmopterus,marshae,0.40996166666666667,7.386333333333333,0.5305077272727273,6.7768227272727275
Etmopterus molleri,,pelagic,,,,,stationary,46,,530,yolk-sac viviparity,Etmopteridae,,Squaliformes,6.5854,0.17863,Etmopterus,molleri,0.17863,6.5854,0.17863,6.5854
Etmopterus perryi,,pelagic,,,,,stationary,17,,380,yolk-sac viviparity,Etmopteridae,,Squaliformes,7.386333333333333,0.40996166666666667,Etmopterus,perryi,0.40996166666666667,7.386333333333333,0.5305077272727273,6.7768227272727275
Etmopterus polli,,bathydemersal,,,,,stationary,30,,650,yolk-sac viviparity,Etmopteridae,,Squaliformes,19.152,0.68941,Etmopterus,polli,0.68941,19.152,0.68941,19.152
Etmopterus princeps,,bathydemersal,,,,,stationary,94,,1281.5,yolk-sac viviparity,Etmopteridae,,Squaliformes,7.8199,0.49628,Etmopterus,princeps,0.49628,7.8199,0.49628,7.8199
Etmopterus pusillus,,bathydemersal,,,,,stationary,50.2,,560,yolk-sac viviparity,Etmopteridae,,Squaliformes,8.4153,0.24105,Etmopterus,pusillus,0.24105,8.4153,0.24105,8.4153
Etmopterus pycnolepis,,benthopelagic,,,,,stationary,45.5,,546.5,yolk-sac viviparity,Etmopteridae,,Squaliformes,7.386333333333333,0.40996166666666667,Etmopterus,pycnolepis,0.40996166666666667,7.386333333333333,0.5305077272727273,6.7768227272727275
Etmopterus robinsi,,bathydemersal,,,,,stationary,31,,600,yolk-sac viviparity,Etmopteridae,,Squaliformes,6.2748,1.2934,Etmopterus,robinsi,1.2934,6.2748,1.2934,6.2748
Etmopterus schultzi,,bathydemersal,,,,,stationary,27,,600,yolk-sac viviparity,Etmopteridae,,Squaliformes,10.029,0.32843,Etmopterus,schultzi,0.32843,10.029,0.32843,10.029
Etmopterus sculptus,,bathydemersal,,,,,stationary,59,,631.5,yolk-sac viviparity,Etmopteridae,,Squaliformes,7.386333333333333,0.40996166666666667,Etmopterus,sculptus,0.40996166666666667,7.386333333333333,0.5305077272727273,6.7768227272727275
Etmopterus sentosus,,bathydemersal,,,,,stationary,27,,350,yolk-sac viviparity,Etmopteridae,,Squaliformes,3.3777,1.8191,Etmopterus,sentosus,1.8191,3.3777,1.8191,3.3777
Etmopterus sheikoi,,bathypelagic,,,,,stationary,43.20000076,,355,yolk-sac viviparity,Etmopteridae,,Squaliformes,7.386333333333333,0.40996166666666667,Etmopterus,sheikoi,0.40996166666666667,7.386333333333333,0.5305077272727273,6.7768227272727275
Etmopterus spinax,,bathydemersal,,,,,stationary,55,,1280,yolk-sac viviparity,Etmopteridae,,Squaliformes,7.6416,0.17099,Etmopterus,spinax,0.17099,7.6416,0.17099,7.6416
Etmopterus splendidus,,benthopelagic,,,,,stationary,30.7,,245,yolk-sac viviparity,Etmopteridae,,Squaliformes,6.4357,0.11289,Etmopterus,splendidus,0.11289,6.4357,0.11289,6.4357
Etmopterus unicolor,,bathydemersal,,,,,stationary,79,,810,yolk-sac viviparity,Etmopteridae,,Squaliformes,1.4346,1.9253,Etmopterus,unicolor,1.9253,1.4346,1.9253,1.4346
Etmopterus viator,,bathydemersal,,,,,stationary,39.09999847,,1115,yolk-sac viviparity,Etmopteridae,,Squaliformes,7.386333333333333,0.40996166666666667,Etmopterus,viator,0.40996166666666667,7.386333333333333,0.5305077272727273,6.7768227272727275
Etmopterus virens,,bathydemersal,,,,,stationary,23,,550,yolk-sac viviparity,Etmopteridae,,Squaliformes,1.1782,-1.9963,Etmopterus,virens,-1.9963,1.1782,-1.9963,1.1782
Eucrossorhinus dasypogon,,reef-associated,,,,,stationary,366,,26,yolk-sac viviparity,Orectolobidae,,Orectolobiformes,5.549111111111111,-0.28160155555555555,Eucrossorhinus,dasypogon,,,-0.28160155555555555,5.549111111111111
Euprotomicrus bispinatus,,bathypelagic,,,,,ram,26.5,,900,yolk-sac viviparity,Dalatiidae,,Squaliformes,9.5395,0.28184567250000003,Euprotomicrus,bispinatus,,,0.28184567250000003,9.5395
Eusphyra blochii,,benthopelagic,,,,,ram,186,,68.5,placental viviparity,Sphyrnidae,,Carcharhiniformes,14.364,0.49458,Eusphyra,blochii,0.49458,14.364,0.49458,14.364
Figaro boardmani,,bathydemersal,,,,,stationary,61,,475.5,oviparous,Pentanchidae,,Carcharhiniformes,6.788,0.18138,Figaro,boardmani,0.18138,6.788,0.18138,6.788
Figaro striatus,,bathydemersal,,,,,stationary,42.09999847,,359.5,oviparous,Pentanchidae,,Carcharhiniformes,6.788,0.18138,Figaro,striatus,0.18138,6.788,0.3376993846153846,15.473992307692308
Furgaleus macki,,demersal,,,,,ram,160,,113.5,yolk-sac viviparity,Triakidae,,Carcharhiniformes,8.746911904761905,0.04272909285714286,Furgaleus,macki,,,0.04272909285714286,8.746911904761905
Galeocerdo cuvier,,benthopelagic,,,,,ram,750,,400,placental viviparity,Carcharhinidae,,Carcharhiniformes,12.342,-0.012706,Galeocerdo,cuvier,-0.012706,12.342,-0.012706,12.342
Galeus atlanticus,,bathydemersal,,,,,stationary,46,,559.5,oviparous,Pentanchidae,,Carcharhiniformes,6.3593166666666665,0.3672413333333333,Galeus,atlanticus,0.3672413333333333,6.3593166666666665,0.3376993846153846,15.473992307692308
Galeus eastmani,,bathydemersal,,,,,stationary,68,,500,oviparous,Pentanchidae,,Carcharhiniformes,6.3593166666666665,0.3672413333333333,Galeus,eastmani,0.3672413333333333,6.3593166666666665,0.3376993846153846,15.473992307692308
Galeus gracilis,,bathydemersal,,,,,stationary,34,,380,oviparous,Pentanchidae,,Carcharhiniformes,5.5626,0.070768,Galeus,gracilis,0.070768,5.5626,0.070768,5.5626
Galeus longirostris,,bathydemersal,,,,,stationary,80.30000305,,480,oviparous,Pentanchidae,,Carcharhiniformes,6.3593166666666665,0.3672413333333333,Galeus,longirostris,0.3672413333333333,6.3593166666666665,0.3376993846153846,15.473992307692308
Galeus melastomus,,demersal,,,,,stationary,90,,1027.5,oviparous,Pentanchidae,,Carcharhiniformes,6.0236,0.23889,Galeus,melastomus,0.23889,6.0236,0.23889,6.0236
Galeus mincaronei,,bathydemersal,,,,,stationary,48.8,,365,oviparous,Pentanchidae,,Carcharhiniformes,6.3593166666666665,0.3672413333333333,Galeus,mincaronei,0.3672413333333333,6.3593166666666665,0.3376993846153846,15.473992307692308
Galeus murinus,,bathydemersal,,,,,stationary,63,,837.5,oviparous,Pentanchidae,,Carcharhiniformes,3.4859,1.1818,Galeus,murinus,1.1818,3.4859,1.1818,3.4859
Galeus nipponensis,,bathydemersal,,,,,stationary,75.6,,345,oviparous,Pentanchidae,,Carcharhiniformes,6.3593166666666665,0.3672413333333333,Galeus,nipponensis,0.3672413333333333,6.3593166666666665,0.3376993846153846,15.473992307692308
Galeus piperatus,,bathydemersal,,,,,stationary,29,,800.5,oviparous,Pentanchidae,,Carcharhiniformes,6.3593166666666665,0.3672413333333333,Galeus,piperatus,0.3672413333333333,6.3593166666666665,0.3376993846153846,15.473992307692308
Galeus polli,,bathydemersal,,,,,stationary,45,,460,oviparous,Pentanchidae,,Carcharhiniformes,9.9831,0.32725,Galeus,polli,0.32725,9.9831,0.32725,9.9831
Galeus sauteri,,demersal,,,,,stationary,38,,75,oviparous,Pentanchidae,,Carcharhiniformes,7.0771,0.14585,Galeus,sauteri,0.14585,7.0771,0.14585,7.0771
Galeus schultzi,,bathydemersal,,,,,stationary,29.7,,380,oviparous,Pentanchidae,,Carcharhiniformes,6.3593166666666665,0.3672413333333333,Galeus,schultzi,0.3672413333333333,6.3593166666666665,0.3376993846153846,15.473992307692308
Ginglymostoma cirratum,,reef-associated,,,,,stationary,308,,65,oviparous,Ginglymostomatidae,,Orectolobiformes,3.1785,-1.4469,Ginglymostoma,cirratum,-1.4469,3.1785,-1.4469,3.1785
Gogolia filewoodi,,demersal,,,,,ram,73.9,,73,yolk-sac viviparity,Triakidae,,Carcharhiniformes,8.746911904761905,0.04272909285714286,Gogolia,filewoodi,,,0.04272909285714286,8.746911904761905
Gollum attenuatus,,bathydemersal,,,,,ram,107,,390,yolk-sac viviparity,Pseudotriakidae,,Carcharhiniformes,4.8018,1.2686,Gollum,attenuatus,1.2686,4.8018,1.2686,4.8018
Halaelurus boesemani,,demersal,,,,,stationary,48,,143.5,oviparous,Pentanchidae,,Carcharhiniformes,7.401400000000001,0.243885,Halaelurus,boesemani,0.243885,7.401400000000001,0.3376993846153846,15.473992307692308
Halaelurus buergeri,,demersal,,,,,stationary,49,,90,oviparous,Pentanchidae,,Carcharhiniformes,7.401400000000001,0.243885,Halaelurus,buergeri,0.243885,7.401400000000001,0.3376993846153846,15.473992307692308
Halaelurus lineatus,,demersal,,,,,stationary,56,,145,oviparous,Pentanchidae,,Carcharhiniformes,8.381,0.35006,Halaelurus,lineatus,0.35006,8.381,0.35006,8.381
Halaelurus natalensis,,demersal,,,,,stationary,45,,86,oviparous,Pentanchidae,,Carcharhiniformes,6.4218,0.13771,Halaelurus,natalensis,0.13771,6.4218,0.13771,6.4218
Halaelurus quagga,,demersal,,,,,stationary,31.5,,120.5,oviparous,Pentanchidae,,Carcharhiniformes,7.401400000000001,0.243885,Halaelurus,quagga,0.243885,7.401400000000001,0.3376993846153846,15.473992307692308
Halaelurus sellus,,demersal,,,,,stationary,42.3,,113,oviparous,Pentanchidae,,Carcharhiniformes,7.401400000000001,0.243885,Halaelurus,sellus,0.243885,7.401400000000001,0.3376993846153846,15.473992307692308
Haploblepharus edwardsii,,demersal,,,,,stationary,64,,65,oviparous,Pentanchidae,,Carcharhiniformes,6.5184,0.21352,Haploblepharus,edwardsii,0.21352,6.5184,0.21352,6.5184
Haploblepharus fuscus,,reef-associated,,,,,stationary,69,,17.5,oviparous,Pentanchidae,,Carcharhiniformes,5.7736,0.111572,Haploblepharus,fuscus,0.111572,5.7736,0.3376993846153846,15.473992307692308
Haploblepharus kistnasamyi,,bathypelagic,,,,,stationary,50.4,,25,oviparous,Pentanchidae,,Carcharhiniformes,5.7919,0.09356,Haploblepharus,kistnasamyi,0.09356,5.7919,0.09356,5.7919
Haploblepharus pictus,,demersal,,,,,stationary,60,,17.5,oviparous,Pentanchidae,,Carcharhiniformes,5.0105,0.027636,Haploblepharus,pictus,0.027636,5.0105,0.027636,5.0105
Hemigaleus australiensis,,demersal,,,,,ram,110,,85.5,yolk-sac viviparity,Hemigaleidae,,Carcharhiniformes,,,Hemigaleus,australiensis,,,,
Hemigaleus microstoma,,demersal,,,,,ram,114,,85,yolk-sac viviparity,Hemigaleidae,,Carcharhiniformes,,,Hemigaleus,microstoma,,,,
Hemipristis elongata,,demersal,,,,,ram,240,,65.5,yolk-sac viviparity,Hemigaleidae,,Carcharhiniformes,,,Hemipristis,elongata,,,,
Hemiscyllium freycineti,,reef-associated,,,,,stationary,72,,6,oviparous,Hemiscylliidae,,Orectolobiformes,6.9702,0.154695,Hemiscyllium,freycineti,0.154695,6.9702,0.24332600000000001,8.54112
Hemiscyllium galei,,reef-associated,,,,,stationary,56.75,,13.5,oviparous,Hemiscylliidae,,Orectolobiformes,6.9702,0.154695,Hemiscyllium,galei,0.154695,6.9702,0.24332600000000001,8.54112
Hemiscyllium hallstromi,,reef-associated,,,,,stationary,77,,7.5,oviparous,Hemiscylliidae,,Orectolobiformes,6.9702,0.154695,Hemiscyllium,hallstromi,0.154695,6.9702,0.24332600000000001,8.54112
Hemiscyllium halmahera,,benthopelagic,,,,,stationary,68.09999847,,7.5,oviparous,Hemiscylliidae,,Orectolobiformes,6.9702,0.154695,Hemiscyllium,halmahera,0.154695,6.9702,0.24332600000000001,8.54112
Hemiscyllium henryi,,reef-associated,,,,,stationary,81.5,,16.5,oviparous,Hemiscylliidae,,Orectolobiformes,6.9702,0.154695,Hemiscyllium,henryi,0.154695,6.9702,0.24332600000000001,8.54112
Hemiscyllium michaeli,,benthopelagic,,,,,stationary,69.5,,11,oviparous,Hemiscylliidae,,Orectolobiformes,6.9702,0.154695,Hemiscyllium,michaeli,0.154695,6.9702,0.24332600000000001,8.54112
Hemiscyllium ocellatum,,reef-associated,,,,,stationary,107,,25,oviparous,Hemiscylliidae,,Orectolobiformes,7.4466,0.19945,Hemiscyllium,ocellatum,0.19945,7.4466,0.19945,7.4466
Hemiscyllium strahani,,reef-associated,,,,,stationary,80,,10.5,oviparous,Hemiscylliidae,,Orectolobiformes,6.9702,0.154695,Hemiscyllium,strahani,0.154695,6.9702,0.24332600000000001,8.54112
Hemiscyllium trispeculare,,reef-associated,,,,,stationary,79,,25,oviparous,Hemiscylliidae,,Orectolobiformes,6.4938,0.10994,Hemiscyllium,trispeculare,0.10994,6.4938,0.10994,6.4938
Hemitriakis abdita,,bathydemersal,,,,,ram,80,,313,yolk-sac viviparity,Triakidae,,Carcharhiniformes,8.38355,0.211441,Hemitriakis,abdita,0.211441,8.38355,0.04272909285714286,8.746911904761905
Hemitriakis complicofasciata,,benthopelagic,,,,,ram,95.5,,95,yolk-sac viviparity,Triakidae,,Carcharhiniformes,8.38355,0.211441,Hemitriakis,complicofasciata,0.211441,8.38355,0.04272909285714286,8.746911904761905
Hemitriakis falcata,,demersal,,,,,ram,77.3,,155,yolk-sac viviparity,Triakidae,,Carcharhiniformes,10.784,0.36951,Hemitriakis,falcata,0.36951,10.784,0.36951,10.784
Hemitriakis indroyonoi,,demersal,,,,,ram,120,,60,yolk-sac viviparity,Triakidae,,Carcharhiniformes,8.38355,0.211441,Hemitriakis,indroyonoi,0.211441,8.38355,0.04272909285714286,8.746911904761905
Hemitriakis japanica,,demersal,,,,,ram,120,,50.5,yolk-sac viviparity,Triakidae,,Carcharhiniformes,5.9831,0.053372,Hemitriakis,japanica,0.053372,5.9831,0.053372,5.9831
Hemitriakis leucoperiptera,,demersal,,,,,ram,96,,24.5,yolk-sac viviparity,Triakidae,,Carcharhiniformes,8.38355,0.211441,Hemitriakis,leucoperiptera,0.211441,8.38355,0.04272909285714286,8.746911904761905
Heterodontus francisci,,demersal,,,,,stationary,122,,76,oviparous,Heterodontidae,,Heterodontiformes,5.5965,-0.27781,Heterodontus,francisci,-0.27781,5.5965,-0.27781,5.5965
Heterodontus galeatus,,reef-associated,,,,,stationary,152,,46.5,oviparous,Heterodontidae,,Heterodontiformes,4.9463,-0.6835,Heterodontus,galeatus,-0.6835,4.9463,-0.6835,4.9463
Heterodontus japonicus,,demersal,,,,,stationary,120,,53,oviparous,Heterodontidae,,Heterodontiformes,7.375683333333333,-0.177565,Heterodontus,japonicus,-0.177565,7.375683333333333,-0.177565,7.375683333333333
Heterodontus mexicanus,,demersal,,,,,stationary,170,,25,oviparous,Heterodontidae,,Heterodontiformes,6.7478,0.13921,Heterodontus,mexicanus,0.13921,6.7478,0.13921,6.7478
Heterodontus omanensis,,demersal,,,,,stationary,56,,76,oviparous,Heterodontidae,,Heterodontiformes,7.375683333333333,-0.177565,Heterodontus,omanensis,-0.177565,7.375683333333333,-0.177565,7.375683333333333
Heterodontus portusjacksoni,,demersal,,,,,stationary,165,,137.5,oviparous,Heterodontidae,,Heterodontiformes,10.685,-0.26531,Heterodontus,portusjacksoni,-0.26531,10.685,-0.26531,10.685
Heterodontus quoyi,,reef-associated,,,,,stationary,107,,21.5,oviparous,Heterodontidae,,Heterodontiformes,7.5033,-0.23587,Heterodontus,quoyi,-0.23587,7.5033,-0.23587,7.5033
Heterodontus ramalheira,,demersal,,,,,stationary,64,,172.5,oviparous,Heterodontidae,,Heterodontiformes,7.375683333333333,-0.177565,Heterodontus,ramalheira,-0.177565,7.375683333333333,-0.177565,7.375683333333333
Heterodontus zebra,,reef-associated,,,,,stationary,125,,100,oviparous,Heterodontidae,,Heterodontiformes,8.7752,0.25789,Heterodontus,zebra,0.25789,8.7752,0.25789,8.7752
Hexanchus griseus,,bathydemersal,,,,,ram,550,,1245,yolk-sac viviparity,Hexanchidae,,Hexanchiformes,7.4946,0.19271,Hexanchus,griseus,0.19271,7.4946,0.19271,7.4946
Hexanchus nakamurai,,bathydemersal,,,,,ram,180,,300,yolk-sac viviparity,Hexanchidae,,Hexanchiformes,10.609,0.40048,Hexanchus,nakamurai,0.40048,10.609,0.40048,10.609
Hexanchus vitulus,,bathydemersal,,,,,ram,180,,395.5,yolk-sac viviparity,Hexanchidae,,Hexanchiformes,9.0518,0.296595,Hexanchus,vitulus,0.296595,9.0518,0.2932175,9.2451875
Holohalaelurus favus,,pelagic,,,,,stationary,51.5,,600,oviparous,Pentanchidae,,Carcharhiniformes,6.75225,0.46138499999999993,Holohalaelurus,favus,0.46138499999999993,6.75225,0.3376993846153846,15.473992307692308
Holohalaelurus grennian,,pelagic,,,,,stationary,27,,295.5,oviparous,Pentanchidae,,Carcharhiniformes,6.75225,0.46138499999999993,Holohalaelurus,grennian,0.46138499999999993,6.75225,0.3376993846153846,15.473992307692308
Holohalaelurus melanostigma,,bathydemersal,,,,,stationary,38.40000153,,632.5,oviparous,Pentanchidae,,Carcharhiniformes,6.75225,0.46138499999999993,Holohalaelurus,melanostigma,0.46138499999999993,6.75225,0.3376993846153846,15.473992307692308
Holohalaelurus punctatus,,bathydemersal,,,,,stationary,35,,330,oviparous,Pentanchidae,,Carcharhiniformes,6.6565,0.66297,Holohalaelurus,punctatus,0.66297,6.6565,0.66297,6.6565
Holohalaelurus regani,,bathydemersal,,,,,stationary,69,,545,oviparous,Pentanchidae,,Carcharhiniformes,6.848,0.2598,Holohalaelurus,regani,0.2598,6.848,0.2598,6.848
Hypogaleus hyugaensis,,demersal,,,,,ram,127,,135,yolk-sac viviparity,Triakidae,,Carcharhiniformes,7.1291,0.20524,Hypogaleus,hyugaensis,0.20524,7.1291,0.20524,7.1291
Iago garricki,,bathydemersal,,,,,ram,75,,362.5,placental viviparity,Triakidae,,Carcharhiniformes,8.5392,0.23159,Iago,garricki,0.23159,8.5392,0.23159,8.5392
Iago omanensis,,bathydemersal,,,,,ram,37,,1152.5,placental viviparity,Triakidae,,Carcharhiniformes,8.5392,0.23159,Iago,omanensis,0.23159,8.5392,0.04272909285714286,8.746911904761905
Isistius brasiliensis,,bathypelagic,,,,,ram,42,,1850,yolk-sac viviparity,Dalatiidae,,Squaliformes,15.604,0.57847,Isistius,brasiliensis,0.57847,15.604,0.57847,15.604
Isistius plutodus,,benthopelagic,,,,,ram,42.3,,1045,yolk-sac viviparity,Dalatiidae,,Squaliformes,15.604,0.57847,Isistius,plutodus,0.57847,15.604,0.28184567250000003,9.5395
Isogomphodon oxyrhynchus,,demersal,,,,,ram,160,,22,placental viviparity,Carcharhinidae,,Carcharhiniformes,9.574086666666666,0.09274179393939394,Isogomphodon,oxyrhynchus,,,0.09274179393939394,9.574086666666666
Isurus oxyrinchus,,pelagic,,,,,ram,445,,375,oophagy,Lamnidae,,Lamniformes,13.922,-0.044464,Isurus,oxyrinchus,-0.044464,13.922,-0.044464,13.922
Isurus paucus,,pelagic,,,,,ram,427,,876,oophagy,Lamnidae,,Lamniformes,10.319,0.18707,Isurus,paucus,0.18707,10.319,0.18707,10.319
Lamiopsis temminckii,,demersal,,,,,ram,168,,42.5,placental viviparity,Carcharhinidae,,Carcharhiniformes,9.574086666666666,0.09274179393939394,Lamiopsis,temminckii,,,0.09274179393939394,9.574086666666666
Lamiopsis tephrodes,,demersal,,,,,ram,145,,42.5,placental viviparity,Carcharhinidae,,Carcharhiniformes,9.574086666666666,0.09274179393939394,Lamiopsis,tephrodes,,,0.09274179393939394,9.574086666666666
Lamna ditropis,,pelagic,,,,,ram,305,,325,oophagy,Lamnidae,,Lamniformes,6.2338,0.72793,Lamna,ditropis,0.72793,6.2338,0.21290241176470587,10.999341176470589
Lamna nasus,,pelagic,,,,,ram,365,,904.5,oophagy,Lamnidae,,Lamniformes,6.2338,0.72793,Lamna,nasus,0.72793,6.2338,0.72793,6.2338
Leptocharias smithii,,demersal,,,,,stationary,82,,42.5,placental viviparity,Leptochariidae,,Carcharhiniformes,19.152,0.68941,Leptocharias,smithii,0.68941,19.152,0.68941,19.152
Loxodon macrorhinus,,demersal,,,,,ram,98,,53.5,yolk-sac viviparity,Carcharhinidae,,Carcharhiniformes,11.559,0.37585,Loxodon,macrorhinus,0.37585,11.559,0.37585,11.559
Megachasma pelagios,,pelagic,,,,,ram,549,,302.5,oophagy,Megachasmidae,,Lamniformes,5.3356,0.042287,Megachasma,pelagios,0.042287,5.3356,0.042287,5.3356
Mitsukurina owstoni,,bathydemersal,,,,,ram,617,,665,oophagy,Mitsukurinidae,,Lamniformes,6.6086,0.1666,Mitsukurina,owstoni,0.1666,6.6086,0.1666,6.6086
Mustelus albipinnis,,benthopelagic,,,,,ram,109,,155.5,yolk-sac viviparity,Triakidae,,Carcharhiniformes,9.164934482758621,0.10718096551724138,Mustelus,albipinnis,0.10718096551724138,9.164934482758621,0.04272909285714286,8.746911904761905
Mustelus andamanensis,,benthopelagic,,,,,ram,104,,75,yolk-sac viviparity,Triakidae,,Carcharhiniformes,9.164934482758621,0.10718096551724138,Mustelus,andamanensis,0.10718096551724138,9.164934482758621,0.04272909285714286,8.746911904761905
Mustelus antarcticus,,demersal,,,,,ram,157,,201.5,yolk-sac viviparity,Triakidae,,Carcharhiniformes,16.442,-0.23684,Mustelus,antarcticus,-0.23684,16.442,-0.23684,16.442
Mustelus asterias,,demersal,,,,,ram,140,,99.5,yolk-sac viviparity,Triakidae,,Carcharhiniformes,6.9015,0.3001,Mustelus,asterias,0.3001,6.9015,0.3001,6.9015
Mustelus californicus,,demersal,,,,,ram,116,,100,yolk-sac viviparity,Triakidae,,Carcharhiniformes,6.1316,0.092716,Mustelus,californicus,0.092716,6.1316,0.092716,6.1316
Mustelus canis,,demersal,,,,,ram,150,,400,yolk-sac viviparity,Triakidae,,Carcharhiniformes,8.0434,0.24128,Mustelus,canis,0.24128,8.0434,0.24128,8.0434
Mustelus dorsalis,,demersal,,,,,ram,66,,110,yolk-sac viviparity,Triakidae,,Carcharhiniformes,7.4479,0.18204,Mustelus,dorsalis,0.18204,7.4479,0.18204,7.4479
Mustelus fasciatus,,demersal,,,,,ram,150,,125.5,yolk-sac viviparity,Triakidae,,Carcharhiniformes,7.3961,0.32146,Mustelus,fasciatus,0.32146,7.3961,0.32146,7.3961
Mustelus griseus,,demersal,,,,,ram,87,,152.5,yolk-sac viviparity,Triakidae,,Carcharhiniformes,6.3513,0.10229,Mustelus,griseus,0.10229,6.3513,0.10229,6.3513
Mustelus henlei,,demersal,,,,,ram,100,,140.5,yolk-sac viviparity,Triakidae,,Carcharhiniformes,5.3593,0.025614,Mustelus,henlei,0.025614,5.3593,0.025614,5.3593
Mustelus higmani,,demersal,,,,,ram,77.40000153,,450.5,yolk-sac viviparity,Triakidae,,Carcharhiniformes,9.164934482758621,0.10718096551724138,Mustelus,higmani,0.10718096551724138,9.164934482758621,0.04272909285714286,8.746911904761905
Mustelus lenticulatus,,demersal,,,,,ram,151,,110.5,yolk-sac viviparity,Triakidae,,Carcharhiniformes,5.8063,0.15062,Mustelus,lenticulatus,0.15062,5.8063,0.15062,5.8063
Mustelus lunulatus,,demersal,,,,,ram,175,,104.5,yolk-sac viviparity,Triakidae,,Carcharhiniformes,11.937,0.45306,Mustelus,lunulatus,0.45306,11.937,0.45306,11.937
Mustelus manazo,,demersal,,,,,ram,220,,180,yolk-sac viviparity,Triakidae,,Carcharhiniformes,6.4592,0.157,Mustelus,manazo,0.157,6.4592,0.157,6.4592
Mustelus mento,,demersal,,,,,ram,130,,33,yolk-sac viviparity,Triakidae,,Carcharhiniformes,9.7828,0.37574,Mustelus,mento,0.37574,9.7828,0.37574,9.7828
Mustelus minicanis,,benthopelagic,,,,,ram,47.79999924,,127,yolk-sac viviparity,Triakidae,,Carcharhiniformes,9.164934482758621,0.10718096551724138,Mustelus,minicanis,0.10718096551724138,9.164934482758621,0.04272909285714286,8.746911904761905
Mustelus mosis,,demersal,,,,,ram,150,,135,yolk-sac viviparity,Triakidae,,Carcharhiniformes,5.461,0.042395,Mustelus,mosis,0.042395,5.461,0.042395,5.461
Mustelus mustelus,,demersal,,,,,ram,174.5,,400,yolk-sac viviparity,Triakidae,,Carcharhiniformes,11.068,0.42181,Mustelus,mustelus,0.42181,11.068,0.42181,11.068
Mustelus norrisi,,demersal,,,,,ram,110,,50.5,yolk-sac viviparity,Triakidae,,Carcharhiniformes,8.8886,0.31257,Mustelus,norrisi,0.31257,8.8886,0.31257,8.8886
Mustelus palumbes,,demersal,,,,,ram,120,,221.5,yolk-sac viviparity,Triakidae,,Carcharhiniformes,7.2205,0.22789,Mustelus,palumbes,0.22789,7.2205,0.22789,7.2205
Mustelus punctulatus,,demersal,,,,,ram,190,,150,yolk-sac viviparity,Triakidae,,Carcharhiniformes,5.4161,0.090303,Mustelus,punctulatus,0.090303,5.4161,0.090303,5.4161
Mustelus ravidus,,benthopelagic,,,,,ram,68.30000305,,203,yolk-sac viviparity,Triakidae,,Carcharhiniformes,9.164934482758621,0.10718096551724138,Mustelus,ravidus,0.10718096551724138,9.164934482758621,0.04272909285714286,8.746911904761905
Mustelus schmitti,,demersal,,,,,ram,108.5,,98.5,yolk-sac viviparity,Triakidae,,Carcharhiniformes,6.6001,0.17607,Mustelus,schmitti,0.17607,6.6001,0.17607,6.6001
Mustelus sinusmexicanus,,pelagic,,,,,ram,83,,135,yolk-sac viviparity,Triakidae,,Carcharhiniformes,9.4027,0.38876,Mustelus,sinusmexicanus,0.38876,9.4027,0.38876,9.4027
Mustelus stevensi,,benthopelagic,,,,,ram,128.3000031,,402,yolk-sac viviparity,Triakidae,,Carcharhiniformes,10.731,0.37571,Mustelus,stevensi,0.37571,10.731,0.37571,10.731
Mustelus walkeri,,demersal,,,,,ram,111.6,,227.5,yolk-sac viviparity,Triakidae,,Carcharhiniformes,4.9951,-1.1101,Mustelus,walkeri,-1.1101,4.9951,-1.1101,4.9951
Mustelus whitneyi,,demersal,,,,,ram,87,,113.5,yolk-sac viviparity,Triakidae,,Carcharhiniformes,9.164934482758621,0.10718096551724138,Mustelus,whitneyi,0.10718096551724138,9.164934482758621,0.04272909285714286,8.746911904761905
Mustelus widodoi,,benthopelagic,,,,,ram,109.5,,90,yolk-sac viviparity,Triakidae,,Carcharhiniformes,9.164934482758621,0.10718096551724138,Mustelus,widodoi,0.10718096551724138,9.164934482758621,0.04272909285714286,8.746911904761905
Nasolamia velox,,demersal,,,,,ram,165,,96,placental viviparity,Carcharhinidae,,Carcharhiniformes,7.9069,0.18658,Nasolamia,velox,0.18658,7.9069,0.18658,7.9069
Nebrius ferrugineus,,reef-associated,,,,,ram,320,,35,yolk-sac viviparity,Ginglymostomatidae,,Orectolobiformes,47.669,1.0675,Nebrius,ferrugineus,1.0675,47.669,1.0675,47.669
Negaprion acutidens,,reef-associated,,,,,ram,310,,45,placental viviparity,Carcharhinidae,,Carcharhiniformes,4.7028,-0.057209,Negaprion,acutidens,-0.057209,4.7028,-0.057209,4.7028
Notorynchus cepedianus,,demersal,,,,,ram,296,,285,yolk-sac viviparity,Hexanchidae,,Hexanchiformes,8.1187,0.16921,Notorynchus,cepedianus,0.16921,8.1187,0.16921,8.1187
Odontaspis ferox,,benthopelagic,,,,,ram,450,,512.5,oophagy,Odontaspididae,,Lamniformes,6.0088,0.13086,Odontaspis,ferox,0.13086,6.0088,0.13086,6.0088
Odontaspis noronhai,,pelagic,,,,,ram,367,,530,oophagy,Odontaspididae,,Lamniformes,6.0088,0.13086,Odontaspis,noronhai,0.13086,6.0088,0.203785,7.552199999999999
Orectolobus floridus,,benthopelagic,,,,,stationary,75,,63.5,yolk-sac viviparity,Orectolobidae,,Orectolobiformes,5.8454375,-0.13593925,Orectolobus,floridus,-0.13593925,5.8454375,-0.28160155555555555,5.549111111111111
Orectolobus halei,,demersal,,,,,stationary,256,,97.5,yolk-sac viviparity,Orectolobidae,,Orectolobiformes,5.5714,-0.31721,Orectolobus,halei,-0.31721,5.5714,-0.31721,5.5714
Orectolobus hutchinsi,,demersal,,,,,stationary,149,,55,yolk-sac viviparity,Orectolobidae,,Orectolobiformes,5.6622,0.10842,Orectolobus,hutchinsi,0.10842,5.6622,0.10842,5.6622
Orectolobus japonicus,,demersal,,,,,stationary,118,,100,yolk-sac viviparity,Orectolobidae,,Orectolobiformes,5.8454375,-0.13593925,Orectolobus,japonicus,-0.13593925,5.8454375,-0.28160155555555555,5.549111111111111
Orectolobus leptolineatus,,benthopelagic,,,,,stationary,112,,65,yolk-sac viviparity,Orectolobidae,,Orectolobiformes,5.8454375,-0.13593925,Orectolobus,leptolineatus,-0.13593925,5.8454375,-0.28160155555555555,5.549111111111111
Orectolobus maculatus,,reef-associated,,,,,stationary,320,,124,yolk-sac viviparity,Orectolobidae,,Orectolobiformes,6.4555,-0.36407,Orectolobus,maculatus,-0.36407,6.4555,-0.36407,6.4555
Orectolobus ornatus,,reef-associated,,,,,stationary,290,,52.5,yolk-sac viviparity,Orectolobidae,,Orectolobiformes,5.6825,0.055542,Orectolobus,ornatus,0.055542,5.6825,0.055542,5.6825
Orectolobus parvimaculatus,,demersal,,,,,stationary,88.5,,72,yolk-sac viviparity,Orectolobidae,,Orectolobiformes,5.8454375,-0.13593925,Orectolobus,parvimaculatus,-0.13593925,5.8454375,-0.28160155555555555,5.549111111111111
Orectolobus reticulatus,,benthopelagic,,,,,stationary,52.3,,10,yolk-sac viviparity,Orectolobidae,,Orectolobiformes,5.8454375,-0.13593925,Orectolobus,reticulatus,-0.13593925,5.8454375,-0.28160155555555555,5.549111111111111
Orectolobus wardi,,reef-associated,,,,,stationary,63,,2,yolk-sac viviparity,Orectolobidae,,Orectolobiformes,5.8454375,-0.13593925,Orectolobus,wardi,-0.13593925,5.8454375,-0.28160155555555555,5.549111111111111
Oxynotus bruniensis,,bathydemersal,,,,,stationary,65,,557.5,yolk-sac viviparity,Oxynotidae,,Squaliformes,19.152,0.68941,Oxynotus,bruniensis,0.68941,19.152,0.68941,19.152
Oxynotus caribbaeus,,bathydemersal,,,,,stationary,49,,429.5,yolk-sac viviparity,Oxynotidae,,Squaliformes,19.152,0.68941,Oxynotus,caribbaeus,0.68941,19.152,0.68941,19.152
Oxynotus centrina,,bathydemersal,,,,,stationary,150,,420,yolk-sac viviparity,Oxynotidae,,Squaliformes,19.152,0.68941,Oxynotus,centrina,0.68941,19.152,0.68941,19.152
Oxynotus japonicus,,bathydemersal,,,,,stationary,54,,225,yolk-sac viviparity,Oxynotidae,,Squaliformes,19.152,0.68941,Oxynotus,japonicus,0.68941,19.152,0.68941,19.152
Oxynotus paradoxus,,bathydemersal,,,,,stationary,118,,492.5,yolk-sac viviparity,Oxynotidae,,Squaliformes,19.152,0.68941,Oxynotus,paradoxus,0.68941,19.152,0.68941,19.152
Paragaleus leucolomatus,,demersal,,,,,ram,95.7,,10.5,placental viviparity,Hemigaleidae,,Carcharhiniformes,,,Paragaleus,leucolomatus,,,,
Paragaleus pectoralis,,demersal,,,,,ram,138,,50,placental viviparity,Hemigaleidae,,Carcharhiniformes,,,Paragaleus,pectoralis,,,,
Paragaleus randalli,,demersal,,,,,ram,83.6,,9.5,placental viviparity,Hemigaleidae,,Carcharhiniformes,,,Paragaleus,randalli,,,,
Paragaleus tengi,,demersal,,,,,ram,88,,10.5,placental viviparity,Hemigaleidae,,Carcharhiniformes,,,Paragaleus,tengi,,,,
Parascyllium collare,,reef-associated,,,,,stationary,85,,125,oviparous,Parascylliidae,,Orectolobiformes,5.8863,-0.40377,Parascyllium,collare,-0.40377,5.8863,-0.40377,5.8863
Parascyllium ferrugineum,,demersal,,,,,stationary,80,,77.5,oviparous,Parascylliidae,,Orectolobiformes,5.6604,-0.1645025,Parascyllium,ferrugineum,-0.1645025,5.6604,0.04167499999999999,7.1752666666666665
Parascyllium sparsimaculatum,,bathydemersal,,,,,stationary,78.1,,224.5,oviparous,Parascylliidae,,Orectolobiformes,5.6604,-0.1645025,Parascyllium,sparsimaculatum,-0.1645025,5.6604,0.04167499999999999,7.1752666666666665
Parascyllium variolatum,,demersal,,,,,stationary,91,,90,oviparous,Parascylliidae,,Orectolobiformes,5.4345,0.074765,Parascyllium,variolatum,0.074765,5.4345,0.074765,5.4345
Parmaturus angelae,,demersal,,,,,stationary,42.5,,550,oviparous,Pentanchidae,,Carcharhiniformes,4.16125,0.13840999999999998,Parmaturus,angelae,0.13840999999999998,4.16125,0.3376993846153846,15.473992307692308
Parmaturus lanatus,,bathydemersal,,,,,stationary,36,,847.5,oviparous,Pentanchidae,,Carcharhiniformes,4.16125,0.13840999999999998,Parmaturus,lanatus,0.13840999999999998,4.16125,0.3376993846153846,15.473992307692308
Parmaturus macmillani,,bathydemersal,,,,,stationary,45,,1085,oviparous,Pentanchidae,,Carcharhiniformes,2.2981,1.0506,Parmaturus,macmillani,1.0506,2.2981,1.0506,2.2981
Parmaturus melanobranchus,,bathydemersal,,,,,stationary,85,,779,oviparous,Pentanchidae,,Carcharhiniformes,4.16125,0.13840999999999998,Parmaturus,melanobranchus,0.13840999999999998,4.16125,0.3376993846153846,15.473992307692308
Parmaturus pilosus,,bathydemersal,,,,,stationary,64,,767.5,oviparous,Pentanchidae,,Carcharhiniformes,4.16125,0.13840999999999998,Parmaturus,pilosus,0.13840999999999998,4.16125,0.3376993846153846,15.473992307692308
Parmaturus xaniurus,,bathydemersal,,,,,stationary,45,,669,oviparous,Pentanchidae,,Carcharhiniformes,6.0244,-0.77378,Parmaturus,xaniurus,-0.77378,6.0244,-0.77378,6.0244
Pentanchus profundicolus,,bathydemersal,,,,,stationary,51,,871,oviparous,Pentanchidae,,Carcharhiniformes,15.473992307692308,0.3376993846153846,Pentanchus,profundicolus,,,0.3376993846153846,15.473992307692308
Planonasus indicus,,demersal,,,,,stationary,64,,640,oophagy,Pseudotriakidae,,Carcharhiniformes,5.1897,0.6773305,Planonasus,indicus,,,0.6773305,5.1897
Planonasus parini,,demersal,,,,,stationary,53.4,,840,oophagy,Pseudotriakidae,,Carcharhiniformes,5.1897,0.6773305,Planonasus,parini,,,0.6773305,5.1897
Pliotrema annae,,demersal,,,,,stationary,98,,27.5,yolk-sac viviparity,Pristiophoridae,,Pristiophoriformes,7.364,0.26608,Pliotrema,annae,0.26608,7.364,0.07625,6.399066666666667
Pliotrema kajae,,demersal,,,,,stationary,102,,267,yolk-sac viviparity,Pristiophoridae,,Pristiophoriformes,7.364,0.26608,Pliotrema,kajae,0.26608,7.364,0.07625,6.399066666666667
Pliotrema warreni,,demersal,,,,,stationary,170,,462.5,yolk-sac viviparity,Pristiophoridae,,Pristiophoriformes,7.364,0.26608,Pliotrema,warreni,0.26608,7.364,0.26608,7.364
Poroderma africanum,,demersal,,,,,stationary,101,,50,oviparous,Scyliorhinidae,,Carcharhiniformes,6.2518,0.15174,Poroderma,africanum,0.15174,6.2518,0.15174,6.2518
Poroderma pantherinum,,reef-associated,,,,,stationary,84,,128,oviparous,Scyliorhinidae,,Carcharhiniformes,5.5106,0.078864,Poroderma,pantherinum,0.078864,5.5106,0.078864,5.5106
Pristiophorus cirratus,,demersal,,,,,stationary,149,,335,yolk-sac viviparity,Pristiophoridae,,Pristiophoriformes,5.7533,-0.15936,Pristiophorus,cirratus,-0.15936,5.7533,-0.15936,5.7533
Pristiophorus delicatus,,pelagic,,,,,stationary,84.5,,325.5,yolk-sac viviparity,Pristiophoridae,,Pristiophoriformes,5.916600000000001,-0.018665,Pristiophorus,delicatus,-0.018665,5.916600000000001,0.07625,6.399066666666667
Pristiophorus japonicus,,demersal,,,,,stationary,153,,645,yolk-sac viviparity,Pristiophoridae,,Pristiophoriformes,5.916600000000001,-0.018665,Pristiophorus,japonicus,-0.018665,5.916600000000001,0.07625,6.399066666666667
Pristiophorus lanae,,benthopelagic,,,,,stationary,89.5,,311,yolk-sac viviparity,Pristiophoridae,,Pristiophoriformes,5.916600000000001,-0.018665,Pristiophorus,lanae,-0.018665,5.916600000000001,0.07625,6.399066666666667
Pristiophorus nancyae,,pelagic,,,,,stationary,62.1,,428,yolk-sac viviparity,Pristiophoridae,,Pristiophoriformes,5.916600000000001,-0.018665,Pristiophorus,nancyae,-0.018665,5.916600000000001,0.07625,6.399066666666667
Pristiophorus nudipinnis,,demersal,,,,,stationary,124,,82.5,yolk-sac viviparity,Pristiophoridae,,Pristiophoriformes,6.0799,0.12203,Pristiophorus,nudipinnis,0.12203,6.0799,0.12203,6.0799
Proscyllium habereri,,demersal,,,,,stationary,65,,185,oviparous,Proscylliidae,,Carcharhiniformes,8.3397,0.26859,Proscyllium,habereri,0.26859,8.3397,0.26859,8.3397
Proscyllium magnificum,,pelagic,,,,,stationary,49,,220.5,oviparous,Proscylliidae,,Carcharhiniformes,8.3397,0.26859,Proscyllium,magnificum,0.26859,8.3397,-0.16248500000000002,5.98765
Pseudotriakis microdon,,bathydemersal,,,,,ram,269,,1031.5,yolk-sac viviparity,Pseudotriakidae,,Carcharhiniformes,5.5776,0.086061,Pseudotriakis,microdon,0.086061,5.5776,0.086061,5.5776
Rhincodon typus,,pelagic,,,,,ram,1700,,964,yolk-sac viviparity,Rhincodontidae,,Orectolobiformes,7.7945,0.13699,Rhincodon,typus,0.13699,7.7945,0.13699,7.7945
Rhizoprionodon acutus,,benthopelagic,,,,,ram,178,,100.5,placental viviparity,Carcharhinidae,,Carcharhiniformes,6.0408,-1.5631,Rhizoprionodon,acutus,-1.5631,6.0408,-1.5631,6.0408
Rhizoprionodon lalandii,,demersal,,,,,ram,102.1,,35,placental viviparity,Carcharhinidae,,Carcharhiniformes,7.9753300000000005,-0.350406,Rhizoprionodon,lalandii,-0.350406,7.9753300000000005,0.09274179393939394,9.574086666666666
Rhizoprionodon longurio,,benthopelagic,,,,,ram,154,,13.5,placental viviparity,Carcharhinidae,,Carcharhiniformes,7.999,0.21201,Rhizoprionodon,longurio,0.21201,7.999,0.21201,7.999
Rhizoprionodon oligolinx,,reef-associated,,,,,ram,85,,18,placental viviparity,Carcharhinidae,,Carcharhiniformes,17.984,0.64,Rhizoprionodon,oligolinx,0.64,17.984,0.64,17.984
Rhizoprionodon porosus,,reef-associated,,,,,ram,110,,250,placental viviparity,Carcharhinidae,,Carcharhiniformes,7.9753300000000005,-0.350406,Rhizoprionodon,porosus,-0.350406,7.9753300000000005,0.09274179393939394,9.574086666666666
Rhizoprionodon taylori,,pelagic,,,,,ram,78.4,,55,placental viviparity,Carcharhinidae,,Carcharhiniformes,7.9872,0.16778,Rhizoprionodon,taylori,0.16778,7.9872,0.16778,7.9872
Schroederichthys bivius,,demersal,,,,,stationary,86,,185.5,oviparous,Scyliorhinidae,,Carcharhiniformes,5.2027,1.0666,Schroederichthys,bivius,1.0666,5.2027,1.0666,5.2027
Schroederichthys chilensis,,demersal,,,,,stationary,70,,25.5,oviparous,Scyliorhinidae,,Carcharhiniformes,5.2027,1.0666,Schroederichthys,chilensis,1.0666,5.2027,0.3076146,9.56047
Schroederichthys saurisqualus,,bathydemersal,,,,,stationary,69.2,,311,oviparous,Scyliorhinidae,,Carcharhiniformes,5.2027,1.0666,Schroederichthys,saurisqualus,1.0666,5.2027,0.3076146,9.56047
Schroederichthys tenuis,,bathydemersal,,,,,stationary,47.3,,261,oviparous,Scyliorhinidae,,Carcharhiniformes,5.2027,1.0666,Schroederichthys,tenuis,1.0666,5.2027,0.3076146,9.56047
Scyliorhinus boa,,bathydemersal,,,,,stationary,54,,502.5,oviparous,Scyliorhinidae,,Carcharhiniformes,8.9471,0.2643,Scyliorhinus,boa,0.2643,8.9471,0.2643,8.9471
Scyliorhinus canicula,,demersal,,,,,stationary,100,,400.5,oviparous,Scyliorhinidae,,Carcharhiniformes,6.7455,0.1189,Scyliorhinus,canicula,0.1189,6.7455,0.1189,6.7455
Scyliorhinus capensis,,demersal,,,,,stationary,122,,260.5,oviparous,Scyliorhinidae,,Carcharhiniformes,6.7932,0.28856,Scyliorhinus,capensis,0.28856,6.7932,0.28856,6.7932
Scyliorhinus cervigoni,,demersal,,,,,stationary,76,,272.5,oviparous,Scyliorhinidae,,Carcharhiniformes,55.052,1.9993,Scyliorhinus,cervigoni,1.9993,55.052,1.9993,55.052
Scyliorhinus comoroensis,,bathydemersal,,,,,stationary,46.4,,300,oviparous,Scyliorhinidae,,Carcharhiniformes,13.677575,0.51016375,Scyliorhinus,comoroensis,0.51016375,13.677575,0.3076146,9.56047
Scyliorhinus haeckelii,,demersal,,,,,stationary,64.7,,310,oviparous,Scyliorhinidae,,Carcharhiniformes,8.9634,0.61751,Scyliorhinus,haeckelii,0.61751,8.9634,0.61751,8.9634
Scyliorhinus retifer,,demersal,,,,,stationary,59,,413.5,oviparous,Scyliorhinidae,,Carcharhiniformes,13.677575,0.51016375,Scyliorhinus,retifer,0.51016375,13.677575,0.3076146,9.56047
Scyliorhinus stellaris,,reef-associated,,,,,stationary,162,,190.5,oviparous,Scyliorhinidae,,Carcharhiniformes,9.0255,0.28277,Scyliorhinus,stellaris,0.28277,9.0255,0.28277,9.0255
Scyliorhinus torazame,,demersal,,,,,stationary,500,,160,oviparous,Scyliorhinidae,,Carcharhiniformes,7.1484,0.39107,Scyliorhinus,torazame,0.39107,7.1484,0.39107,7.1484
Scylliogaleus quecketti,,demersal,,,,,stationary,111,,36.5,placental viviparity,Triakidae,,Carcharhiniformes,8.746911904761905,0.04272909285714286,Scylliogaleus,quecketti,,,0.04272909285714286,8.746911904761905
Scymnodalatias albicauda,,bathypelagic,,,,,stationary,111,,330,yolk-sac viviparity,Somniosidae,,Squaliformes,3.9000666666666666,1.2916283333333334,Scymnodalatias,albicauda,,,1.2916283333333334,3.9000666666666666
Scymnodalatias garricki,,bathypelagic,,,,,stationary,40.6,,440,yolk-sac viviparity,Somniosidae,,Squaliformes,3.9000666666666666,1.2916283333333334,Scymnodalatias,garricki,,,1.2916283333333334,3.9000666666666666
Scymnodalatias sherwoodi,,benthopelagic,,,,,stationary,85,,450,yolk-sac viviparity,Somniosidae,,Squaliformes,3.9000666666666666,1.2916283333333334,Scymnodalatias,sherwoodi,,,1.2916283333333334,3.9000666666666666
Scymnodon ichiharai,,bathypelagic,,,,,stationary,151.1,,640,yolk-sac viviparity,Somniosidae,,Squaliformes,3.9064,1.2217,Scymnodon,ichiharai,1.2217,3.9064,1.2916283333333334,3.9000666666666666
Scymnodon plunketi,,bathypelagic,,,,,stationary,170,,865,yolk-sac viviparity,Somniosidae,,Squaliformes,3.9064,1.2217,Scymnodon,plunketi,1.2217,3.9064,1.2916283333333334,3.9000666666666666
Scymnodon ringens,,bathypelagic,,,,,stationary,110,,900,yolk-sac viviparity,Somniosidae,,Squaliformes,3.9064,1.2217,Scymnodon,ringens,1.2217,3.9064,1.2217,3.9064
Somniosus antarcticus,,benthopelagic,,,,,stationary,438,,817.5,yolk-sac viviparity,Somniosidae,,Squaliformes,1.9602,1.8662,Somniosus,antarcticus,1.8662,1.9602,1.8662,1.9602
Somniosus longus,,bathydemersal,,,,,stationary,143.3,,683,yolk-sac viviparity,Somniosidae,,Squaliformes,3.7528499999999996,1.008835,Somniosus,longus,1.008835,3.7528499999999996,1.2916283333333334,3.9000666666666666
Somniosus microcephalus,,benthopelagic,,,,,stationary,730,,1323.5,yolk-sac viviparity,Somniosidae,,Squaliformes,3.7528499999999996,1.008835,Somniosus,microcephalus,1.008835,3.7528499999999996,1.2916283333333334,3.9000666666666666
Somniosus pacificus,,benthopelagic,,,,,stationary,440,,1102.5,yolk-sac viviparity,Somniosidae,,Squaliformes,3.7528499999999996,1.008835,Somniosus,pacificus,1.008835,3.7528499999999996,1.2916283333333334,3.9000666666666666
Somniosus rostratus,,bathydemersal,,,,,stationary,143,,765,yolk-sac viviparity,Somniosidae,,Squaliformes,5.5455,0.15147,Somniosus,rostratus,0.15147,5.5455,0.15147,5.5455
Sphyrna corona,,demersal,,,,,ram,92,,50,placental viviparity,Sphyrnidae,,Carcharhiniformes,15.965,0.59701,Sphyrna,corona,0.59701,15.965,0.59701,15.965
Sphyrna lewini,,pelagic,,,,,ram,430,,521.5,placental viviparity,Sphyrnidae,,Carcharhiniformes,14.608,0.1165,Sphyrna,lewini,0.1165,14.608,0.1165,14.608
Sphyrna media,,demersal,,,,,ram,150,,50,placental viviparity,Sphyrnidae,,Carcharhiniformes,11.277468571428573,0.15559571428571428,Sphyrna,media,0.15559571428571428,11.277468571428573,0.16501194444444445,11.363205555555556
Sphyrna mokarran,,pelagic,,,,,ram,610,,150,placental viviparity,Sphyrnidae,,Carcharhiniformes,7.3981,0.17317,Sphyrna,mokarran,0.17317,7.3981,0.17317,7.3981
Sphyrna tiburo,,reef-associated,,,,,ram,150,,45,placental viviparity,Sphyrnidae,,Carcharhiniformes,4.199,-1.1385,Sphyrna,tiburo,-1.1385,4.199,-1.1385,4.199
Sphyrna tudes,,benthopelagic,,,,,ram,134,,42.5,placental viviparity,Sphyrnidae,,Carcharhiniformes,8.8064,0.28792,Sphyrna,tudes,0.28792,8.8064,0.28792,8.8064
Sphyrna zygaena,,pelagic,,,,,ram,400,,100,placental viviparity,Sphyrnidae,,Carcharhiniformes,10.906,0.29209,Sphyrna,zygaena,0.29209,10.906,0.29209,10.906
Squaliolus aliae,,bathypelagic,,,,,stationary,24.1,,1000,yolk-sac viviparity,Dalatiidae,,Squaliformes,5.3019,-7.9731e-4,Squaliolus,aliae,-7.9731e-4,5.3019,-7.9731e-4,5.3019
Squaliolus laticaudus,,bathypelagic,,,,,stationary,27.5,,905,yolk-sac viviparity,Dalatiidae,,Squaliformes,7.4546,0.19761,Squaliolus,laticaudus,0.19761,7.4546,0.19761,7.4546
Squalus acanthias,,benthopelagic,,,,,stationary,200,,989,yolk-sac viviparity,Squalidae,,Squaliformes,8.2153,0.21954,Squalus,acanthias,0.21954,8.2153,0.21954,8.2153
Squalus acutipinnis,,benthopelagic,,,,,stationary,85,,750,yolk-sac viviparity,Squalidae,,Squaliformes,7.436714285714285,0.1386534642857143,Squalus,acutipinnis,0.1386534642857143,7.436714285714285,0.15190123333333333,7.49614
Squalus albicaudus,,benthopelagic,,,,,stationary,52.5,,308,yolk-sac viviparity,Squalidae,,Squaliformes,7.436714285714285,0.1386534642857143,Squalus,albicaudus,0.1386534642857143,7.436714285714285,0.15190123333333333,7.49614
Squalus albifrons,,pelagic,,,,,stationary,74,,290.5,yolk-sac viviparity,Squalidae,,Squaliformes,8.2335,0.29838,Squalus,albifrons,0.29838,8.2335,0.29838,8.2335
Squalus altipinnis,,pelagic,,,,,stationary,58.90000153,,301.5,yolk-sac viviparity,Squalidae,,Squaliformes,7.436714285714285,0.1386534642857143,Squalus,altipinnis,0.1386534642857143,7.436714285714285,0.15190123333333333,7.49614
Squalus bahiensis,,pelagic,,,,,stationary,69,,599,yolk-sac viviparity,Squalidae,,Squaliformes,7.436714285714285,0.1386534642857143,Squalus,bahiensis,0.1386534642857143,7.436714285714285,0.15190123333333333,7.49614
Squalus bassi,,benthopelagic,,,,,stationary,110,,375,yolk-sac viviparity,Squalidae,,Squaliformes,7.436714285714285,0.1386534642857143,Squalus,bassi,0.1386534642857143,7.436714285714285,0.15190123333333333,7.49614
Squalus blainville,,demersal,,,,,stationary,920,,757.5,yolk-sac viviparity,Squalidae,,Squaliformes,14.925,0.60952,Squalus,blainville,0.60952,14.925,0.60952,14.925
Squalus boretzi,,demersal,,,,,stationary,95.2,,312.5,yolk-sac viviparity,Squalidae,,Squaliformes,7.436714285714285,0.1386534642857143,Squalus,boretzi,0.1386534642857143,7.436714285714285,0.15190123333333333,7.49614
Squalus brevirostris,,demersal,,,,,stationary,57.8,,191,yolk-sac viviparity,Squalidae,,Squaliformes,7.436714285714285,0.1386534642857143,Squalus,brevirostris,0.1386534642857143,7.436714285714285,0.15190123333333333,7.49614
Squalus bucephalus,,pelagic,,,,,stationary,90,,664,yolk-sac viviparity,Squalidae,,Squaliformes,7.436714285714285,0.1386534642857143,Squalus,bucephalus,0.1386534642857143,7.436714285714285,0.15190123333333333,7.49614
Squalus chloroculus,,bathydemersal,,,,,stationary,99,,786.5,yolk-sac viviparity,Squalidae,,Squaliformes,5.7216,0.11895,Squalus,chloroculus,0.11895,5.7216,0.11895,5.7216
Squalus clarkae,,benthopelagic,,,,,stationary,82,,427.5,yolk-sac viviparity,Squalidae,,Squaliformes,7.436714285714285,0.1386534642857143,Squalus,clarkae,0.1386534642857143,7.436714285714285,0.15190123333333333,7.49614
Squalus crassispinus,,pelagic,,,,,stationary,67,,224.5,yolk-sac viviparity,Squalidae,,Squaliformes,9.3249,0.29261,Squalus,crassispinus,0.29261,9.3249,0.29261,9.3249
Squalus cubensis,,demersal,,,,,stationary,60,,230,yolk-sac viviparity,Squalidae,,Squaliformes,7.436714285714285,0.1386534642857143,Squalus,cubensis,0.1386534642857143,7.436714285714285,0.15190123333333333,7.49614
Squalus edmundsi,,pelagic,,,,,stationary,115,,527,yolk-sac viviparity,Squalidae,,Squaliformes,1.0252,-1.7187,Squalus,edmundsi,-1.7187,1.0252,-1.7187,1.0252
Squalus formosus,,pelagic,,,,,stationary,85,,485,yolk-sac viviparity,Squalidae,,Squaliformes,7.436714285714285,0.1386534642857143,Squalus,formosus,0.1386534642857143,7.436714285714285,0.15190123333333333,7.49614
Squalus grahami,,pelagic,,,,,stationary,73,,326,yolk-sac viviparity,Squalidae,,Squaliformes,7.6276,0.19443,Squalus,grahami,0.19443,7.6276,0.19443,7.6276
Squalus griffini,,bathydemersal,,,,,stationary,110,,493.5,yolk-sac viviparity,Squalidae,,Squaliformes,6.3253,0.2437,Squalus,griffini,0.2437,6.3253,0.2437,6.3253
Squalus hawaiiensis,,benthopelagic,,,,,stationary,101,,332.5,yolk-sac viviparity,Squalidae,,Squaliformes,7.436714285714285,0.1386534642857143,Squalus,hawaiiensis,0.1386534642857143,7.436714285714285,0.15190123333333333,7.49614
Squalus hemipinnis,,benthopelagic,,,,,stationary,78,,50.5,yolk-sac viviparity,Squalidae,,Squaliformes,7.436714285714285,0.1386534642857143,Squalus,hemipinnis,0.1386534642857143,7.436714285714285,0.15190123333333333,7.49614
Squalus japonicus,,bathydemersal,,,,,stationary,105,,225,yolk-sac viviparity,Squalidae,,Squaliformes,7.436714285714285,0.1386534642857143,Squalus,japonicus,0.1386534642857143,7.436714285714285,0.15190123333333333,7.49614
Squalus lobularis,,benthopelagic,,,,,stationary,64,,300,yolk-sac viviparity,Squalidae,,Squaliformes,7.436714285714285,0.1386534642857143,Squalus,lobularis,0.1386534642857143,7.436714285714285,0.15190123333333333,7.49614
Squalus mahia,,pelagic,,,,,stationary,59,,277.5,yolk-sac viviparity,Squalidae,,Squaliformes,7.436714285714285,0.1386534642857143,Squalus,mahia,0.1386534642857143,7.436714285714285,0.15190123333333333,7.49614
Squalus margaretsmithae,,benthopelagic,,,,,stationary,54.29999924,,270,yolk-sac viviparity,Squalidae,,Squaliformes,7.436714285714285,0.1386534642857143,Squalus,margaretsmithae,0.1386534642857143,7.436714285714285,0.15190123333333333,7.49614
Squalus megalops,,demersal,,,,,stationary,64,,390,yolk-sac viviparity,Squalidae,,Squaliformes,7.0687,0.04491,Squalus,megalops,0.04491,7.0687,0.04491,7.0687
Squalus melanurus,,bathydemersal,,,,,stationary,75,,330,yolk-sac viviparity,Squalidae,,Squaliformes,7.039,0.21857,Squalus,melanurus,0.21857,7.039,0.21857,7.039
Squalus mitsukurii,,benthopelagic,,,,,stationary,112,,479,yolk-sac viviparity,Squalidae,,Squaliformes,7.7126,0.28605,Squalus,mitsukurii,0.28605,7.7126,0.28605,7.7126
Squalus montalbani,,bathydemersal,,,,,stationary,101,,762,yolk-sac viviparity,Squalidae,,Squaliformes,5.524,0.0015485,Squalus,montalbani,0.0015485,5.524,0.0015485,5.524
Squalus nasutus,,pelagic,,,,,stationary,64,,575,yolk-sac viviparity,Squalidae,,Squaliformes,10.699,0.34777,Squalus,nasutus,0.34777,10.699,0.34777,10.699
Squalus notocaudatus,,pelagic,,,,,stationary,62,,339.5,yolk-sac viviparity,Squalidae,,Squaliformes,7.436714285714285,0.1386534642857143,Squalus,notocaudatus,0.1386534642857143,7.436714285714285,0.15190123333333333,7.49614
Squalus quasimodo,,pelagic,,,,,stationary,85,,417.5,yolk-sac viviparity,Squalidae,,Squaliformes,7.436714285714285,0.1386534642857143,Squalus,quasimodo,0.1386534642857143,7.436714285714285,0.15190123333333333,7.49614
Squalus rancureli,,bathydemersal,,,,,stationary,77,,360,yolk-sac viviparity,Squalidae,,Squaliformes,7.436714285714285,0.1386534642857143,Squalus,rancureli,0.1386534642857143,7.436714285714285,0.15190123333333333,7.49614
Squalus raoulensis,,pelagic,,,,,stationary,93,,355,yolk-sac viviparity,Squalidae,,Squaliformes,7.436714285714285,0.1386534642857143,Squalus,raoulensis,0.1386534642857143,7.436714285714285,0.15190123333333333,7.49614
Squalus suckleyi,,benthopelagic,,,,,stationary,130,,618,yolk-sac viviparity,Squalidae,,Squaliformes,4.6723,0.78387,Squalus,suckleyi,0.78387,4.6723,0.78387,4.6723
Squatina aculeata,,demersal,,,,,stationary,188,,265,yolk-sac viviparity,Squatinidae,,Squatiniformes,19.152,0.68941,Squatina,aculeata,0.68941,19.152,0.68941,19.152
Squatina africana,,demersal,,,,,stationary,80,,265,yolk-sac viviparity,Squatinidae,,Squatiniformes,9.8045,0.31999,Squatina,africana,0.31999,9.8045,0.31999,9.8045
Squatina albipunctata,,benthopelagic,,,,,stationary,98.5,,226,yolk-sac viviparity,Squatinidae,,Squatiniformes,7.0584,0.17942,Squatina,albipunctata,0.17942,7.0584,0.17942,7.0584
Squatina argentina,,demersal,,,,,stationary,1380,,228.5,yolk-sac viviparity,Squatinidae,,Squatiniformes,10.82096,0.3463933,Squatina,argentina,0.3463933,10.82096,0.3463933,10.82096
Squatina armata,,demersal,,,,,stationary,150,,52.5,yolk-sac viviparity,Squatinidae,,Squatiniformes,22.209,0.85028,Squatina,armata,0.85028,22.209,0.85028,22.209
Squatina australis,,demersal,,,,,stationary,152,,65,yolk-sac viviparity,Squatinidae,,Squatiniformes,8.0911,0.098463,Squatina,australis,0.098463,8.0911,0.098463,8.0911
Squatina californica,,demersal,,,,,stationary,152,,103,yolk-sac viviparity,Squatinidae,,Squatiniformes,8.4192,0.28232,Squatina,californica,0.28232,8.4192,0.28232,8.4192
Squatina david,,demersal,,,,,stationary,79,,213,yolk-sac viviparity,Squatinidae,,Squatiniformes,10.82096,0.3463933,Squatina,david,0.3463933,10.82096,0.3463933,10.82096
Squatina dumeril,,bathydemersal,,,,,stationary,152,,688,yolk-sac viviparity,Squatinidae,,Squatiniformes,6.6795,0.14254,Squatina,dumeril,0.14254,6.6795,0.14254,6.6795
Squatina formosa,,bathydemersal,,,,,stationary,150,,201.5,yolk-sac viviparity,Squatinidae,,Squatiniformes,10.82096,0.3463933,Squatina,formosa,0.3463933,10.82096,0.3463933,10.82096
Squatina guggenheim,,demersal,,,,,stationary,96,,78.5,yolk-sac viviparity,Squatinidae,,Squatiniformes,6.0762,0.17063999999999999,Squatina,guggenheim,0.17063999999999999,6.0762,0.17063999999999999,6.0762
Squatina japonica,,demersal,,,,,stationary,200,,181,yolk-sac viviparity,Squatinidae,,Squatiniformes,10.82096,0.3463933,Squatina,japonica,0.3463933,10.82096,0.3463933,10.82096
Squatina nebulosa,,demersal,,,,,stationary,800,,165,yolk-sac viviparity,Squatinidae,,Squatiniformes,10.82096,0.3463933,Squatina,nebulosa,0.3463933,10.82096,0.3463933,10.82096
Squatina occulta,,demersal,,,,,stationary,120,,177.5,yolk-sac viviparity,Squatinidae,,Squatiniformes,10.82096,0.3463933,Squatina,occulta,0.3463933,10.82096,0.3463933,10.82096
Squatina oculata,,demersal,,,,,stationary,160,,255,yolk-sac viviparity,Squatinidae,,Squatiniformes,9.3887,0.29451,Squatina,oculata,0.29451,9.3887,0.29451,9.3887
Squatina pseudocellata,,benthopelagic,,,,,stationary,114,,231,yolk-sac viviparity,Squatinidae,,Squatiniformes,10.82096,0.3463933,Squatina,pseudocellata,0.3463933,10.82096,0.3463933,10.82096
Squatina squatina,,demersal,,,,,stationary,244,,76,yolk-sac viviparity,Squatinidae,,Squatiniformes,10.82096,0.3463933,Squatina,squatina,0.3463933,10.82096,0.3463933,10.82096
Squatina tergocellata,,bathydemersal,,,,,stationary,140,,264,yolk-sac viviparity,Squatinidae,,Squatiniformes,11.331,0.43636,Squatina,tergocellata,0.43636,11.331,0.43636,11.331
Squatina tergocellatoides,,demersal,,,,,stationary,100,,200,yolk-sac viviparity,Squatinidae,,Squatiniformes,10.82096,0.3463933,Squatina,tergocellatoides,0.3463933,10.82096,0.3463933,10.82096
Stegostoma tigrinum,,reef-associated,,,,,stationary,354,,31,oviparous,Stegostomidae,,Orectolobiformes,22.777,0.71501,Stegostoma,tigrinum,0.71501,22.777,0.71501,22.777
Sutorectus tentaculatus,,reef-associated,,,,,stationary,92,,17.5,yolk-sac viviparity,Orectolobidae,,Orectolobiformes,5.549111111111111,-0.28160155555555555,Sutorectus,tentaculatus,,,-0.28160155555555555,5.549111111111111
Triaenodon obesus,,reef-associated,,,,,stationary,168,,165.5,yolk-sac viviparity,Carcharhinidae,,Carcharhiniformes,9.1561,0.2245,Triaenodon,obesus,0.2245,9.1561,0.2245,9.1561
Triakis acutipinna,,demersal,,,,,ram,112,,260,yolk-sac viviparity,Triakidae,,Carcharhiniformes,6.0669,-0.185525,Triakis,acutipinna,-0.185525,6.0669,0.04272909285714286,8.746911904761905
Triakis maculata,,demersal,,,,,ram,180,,105,yolk-sac viviparity,Triakidae,,Carcharhiniformes,6.0669,-0.185525,Triakis,maculata,-0.185525,6.0669,0.04272909285714286,8.746911904761905
Triakis megalopterus,,demersal,,,,,ram,207.5,,25,yolk-sac viviparity,Triakidae,,Carcharhiniformes,5.8717,-0.47791,Triakis,megalopterus,-0.47791,5.8717,-0.47791,5.8717
Triakis scyllium,,demersal,,,,,ram,150,,90,yolk-sac viviparity,Triakidae,,Carcharhiniformes,6.0669,-0.185525,Triakis,scyllium,-0.185525,6.0669,0.04272909285714286,8.746911904761905
Triakis semifasciata,,demersal,,,,,ram,213.4,,78,yolk-sac viviparity,Triakidae,,Carcharhiniformes,6.2621,0.10686,Triakis,semifasciata,0.10686,6.2621,0.10686,6.2621
Trigonognathus kabeyai,,demersal,,,,,stationary,53.9,,575,yolk-sac viviparity,Etmopteridae,,Squaliformes,6.7768227272727275,0.5305077272727273,Trigonognathus,kabeyai,,,0.5305077272727273,6.7768227272727275
Zameus squamulosus,,demersal,,,,,stationary,84,,755.5,yolk-sac viviparity,Somniosidae,,Squaliformes,2.0601,1.9793,Zameus,squamulosus,1.9793,2.0601,1.9793,2.0601
