spec_code,scientific_name,family,order,group,mean_lm,genus,species,lm_new_gen,source
69495,Akheilos suwartanai,Scyliorhinidae,Carcharhiniformes,Sharks,,Akheilos,suwartanai,,
644,Aculeola nigra,Etmopteridae,Squaliformes,Sharks,48.5,Aculeola,nigra,48.5,FishBase
5891,Alopias pelagicus,Alopiidae,Lamniformes,Sharks,279.25,Alopias,pelagicus,279.25,FishBase
2534,Alopias superciliosus,Alopiidae,Lamniformes,Sharks,234.75,Alopias,superciliosus,234.75,FishBase
2535,Alopias vulpinus,Alopiidae,Lamniformes,Sharks,321.2,Alopias,vulpinus,321.2,FishBase
58249,Apristurus albisoma,Pentanchidae,Carcharhiniformes,Sharks,,Apristurus,albisoma,55.79,
64118,Apristurus ampliceps,Pentanchidae,Carcharhiniformes,Sharks,,Apristurus,ampliceps,55.79,
54373,Apristurus aphyodes,Pentanchidae,Carcharhiniformes,Sharks,52.95000076293945,Apristurus,aphyodes,52.95,FishBase
64107,Apristurus australis,Pentanchidae,Carcharhiniformes,Sharks,48.75,Apristurus,australis,48.75,FishBase
67532,Apristurus breviventralis,Pentanchidae,Carcharhiniformes,Sharks,,Apristurus,breviventralis,55.79,
763,Apristurus brunneus,Pentanchidae,Carcharhiniformes,Sharks,,Apristurus,brunneus,55.79,
64119,Apristurus bucephalus,Pentanchidae,Carcharhiniformes,Sharks,,Apristurus,bucephalus,55.79,
764,Apristurus canutus,Pentanchidae,Carcharhiniformes,Sharks,,Apristurus,canutus,55.79,
59467,Apristurus exsanguis,Pentanchidae,Carcharhiniformes,Sharks,67.5,Apristurus,exsanguis,67.5,FishBase
58230,Apristurus fedorovi,Pentanchidae,Carcharhiniformes,Sharks,,Apristurus,fedorovi,55.79,
66995,Apristurus garricki,Pentanchidae,Carcharhiniformes,Sharks,,Apristurus,garricki,55.79,
27225,Apristurus gibbosus,Pentanchidae,Carcharhiniformes,Sharks,,Apristurus,gibbosus,55.79,
765,Apristurus herklotsi,Pentanchidae,Carcharhiniformes,Sharks,,Apristurus,herklotsi,55.79,
766,Apristurus indicus,Pentanchidae,Carcharhiniformes,Sharks,,Apristurus,indicus,55.79,
58250,Apristurus internatus,Pentanchidae,Carcharhiniformes,Sharks,,Apristurus,internatus,55.79,
767,Apristurus investigatoris,Pentanchidae,Carcharhiniformes,Sharks,,Apristurus,investigatoris,55.79,
768,Apristurus japonicus,Pentanchidae,Carcharhiniformes,Sharks,,Apristurus,japonicus,55.79,
769,Apristurus kampae,Pentanchidae,Carcharhiniformes,Sharks,,Apristurus,kampae,55.79,
770,Apristurus laurussonii,Pentanchidae,Carcharhiniformes,Sharks,,Apristurus,laurussonii,55.79,
771,Apristurus longicephalus,Pentanchidae,Carcharhiniformes,Sharks,50,Apristurus,longicephalus,50,FishBase
772,Apristurus macrorhynchus,Pentanchidae,Carcharhiniformes,Sharks,,Apristurus,macrorhynchus,55.79,
27226,Apristurus macrostomus,Pentanchidae,Carcharhiniformes,Sharks,,Apristurus,macrostomus,55.79,
774,Apristurus manis,Pentanchidae,Carcharhiniformes,Sharks,,Apristurus,manis,55.79,
69580,Apristurus manocheriani,Pentanchidae,Carcharhiniformes,Sharks,,Apristurus,manocheriani,55.79,
62554,Apristurus melanoasper,Pentanchidae,Carcharhiniformes,Sharks,59.75,Apristurus,melanoasper,59.75,FishBase
775,Apristurus microps,Pentanchidae,Carcharhiniformes,Sharks,,Apristurus,microps,55.79,
27227,Apristurus micropterygeus,Pentanchidae,Carcharhiniformes,Sharks,,Apristurus,micropterygeus,55.79,
66849,Apristurus nakayai,Pentanchidae,Carcharhiniformes,Sharks,,Apristurus,nakayai,55.79,
776,Apristurus nasutus,Pentanchidae,Carcharhiniformes,Sharks,,Apristurus,nasutus,55.79,
777,Apristurus parvipinnis,Pentanchidae,Carcharhiniformes,Sharks,,Apristurus,parvipinnis,55.79,
58251,Apristurus pinguis,Pentanchidae,Carcharhiniformes,Sharks,,Apristurus,pinguis,55.79,
778,Apristurus platyrhynchus,Pentanchidae,Carcharhiniformes,Sharks,,Apristurus,platyrhynchus,55.79,
779,Apristurus profundorum,Pentanchidae,Carcharhiniformes,Sharks,,Apristurus,profundorum,55.79,
780,Apristurus riveri,Pentanchidae,Carcharhiniformes,Sharks,,Apristurus,riveri,55.79,
781,Apristurus saldanha,Pentanchidae,Carcharhiniformes,Sharks,,Apristurus,saldanha,55.79,
782,Apristurus sibogae,Pentanchidae,Carcharhiniformes,Sharks,,Apristurus,sibogae,55.79,
783,Apristurus sinensis,Pentanchidae,Carcharhiniformes,Sharks,,Apristurus,sinensis,55.79,
784,Apristurus spongiceps,Pentanchidae,Carcharhiniformes,Sharks,,Apristurus,spongiceps,55.79,
786,Apristurus stenseni,Pentanchidae,Carcharhiniformes,Sharks,,Apristurus,stenseni,55.79,
68363,Apristurus yangi,Pentanchidae,Carcharhiniformes,Sharks,,Apristurus,yangi,55.79,
788,Asymbolus analis,Pentanchidae,Carcharhiniformes,Sharks,,Asymbolus,analis,,
57511,Asymbolus funebris,Pentanchidae,Carcharhiniformes,Sharks,,Asymbolus,funebris,,
64155,Asymbolus galacticus,Pentanchidae,Carcharhiniformes,Sharks,,Asymbolus,galacticus,,
57514,Asymbolus occiduus,Pentanchidae,Carcharhiniformes,Sharks,,Asymbolus,occiduus,,
57515,Asymbolus pallidus,Pentanchidae,Carcharhiniformes,Sharks,,Asymbolus,pallidus,,
57513,Asymbolus parvus,Pentanchidae,Carcharhiniformes,Sharks,,Asymbolus,parvus,,
57547,Asymbolus rubiginosus,Pentanchidae,Carcharhiniformes,Sharks,,Asymbolus,rubiginosus,,
57512,Asymbolus submaculatus,Pentanchidae,Carcharhiniformes,Sharks,,Asymbolus,submaculatus,,
789,Asymbolus vincenti,Pentanchidae,Carcharhiniformes,Sharks,,Asymbolus,vincenti,,
62191,Atelomycterus baliensis,Atelomycteridae,Carcharhiniformes,Sharks,,Atelomycterus,baliensis,34.5,
67647,Atelomycterus erdmanni,Atelomycteridae,Carcharhiniformes,Sharks,,Atelomycterus,erdmanni,34.5,
54004,Atelomycterus fasciatus,Atelomycteridae,Carcharhiniformes,Sharks,34.5,Atelomycterus,fasciatus,34.5,FishBase
791,Atelomycterus macleayi,Atelomycteridae,Carcharhiniformes,Sharks,,Atelomycterus,macleayi,34.5,
4305,Atelomycterus marmoratus,Atelomycteridae,Carcharhiniformes,Sharks,,Atelomycterus,marmoratus,34.5,
63793,Atelomycterus marnkalha,Atelomycteridae,Carcharhiniformes,Sharks,,Atelomycterus,marnkalha,34.5,
49095,Aulohalaelurus kanakorum,Atelomycteridae,Carcharhiniformes,Sharks,,Aulohalaelurus,kanakorum,,
795,Aulohalaelurus labiosus,Atelomycteridae,Carcharhiniformes,Sharks,,Aulohalaelurus,labiosus,,
5893,Brachaelurus colcloughi,Brachaeluridae,Orectolobiformes,Sharks,,Brachaelurus,colcloughi,,
5892,Brachaelurus waddi,Brachaeluridae,Orectolobiformes,Sharks,,Brachaelurus,waddi,,
814,Bythaelurus alcockii,Pentanchidae,Carcharhiniformes,Sharks,,Bythaelurus,alcockii,,
68150,Bythaelurus bachi,Pentanchidae,Carcharhiniformes,Sharks,,Bythaelurus,bachi,,
817,Bythaelurus canescens,Pentanchidae,Carcharhiniformes,Sharks,,Bythaelurus,canescens,,
54001,Bythaelurus clevai,Pentanchidae,Carcharhiniformes,Sharks,,Bythaelurus,clevai,,
818,Bythaelurus dawsoni,Pentanchidae,Carcharhiniformes,Sharks,,Bythaelurus,dawsoni,,
66473,Bythaelurus giddingsi,Pentanchidae,Carcharhiniformes,Sharks,,Bythaelurus,giddingsi,,
819,Bythaelurus hispidus,Pentanchidae,Carcharhiniformes,Sharks,,Bythaelurus,hispidus,,
820,Bythaelurus immaculatus,Pentanchidae,Carcharhiniformes,Sharks,,Bythaelurus,immaculatus,,
64121,Bythaelurus incanus,Pentanchidae,Carcharhiniformes,Sharks,,Bythaelurus,incanus,,
822,Bythaelurus lutarius,Pentanchidae,Carcharhiniformes,Sharks,,Bythaelurus,lutarius,,
68383,Bythaelurus naylori,Pentanchidae,Carcharhiniformes,Sharks,,Bythaelurus,naylori,,
69053,Bythaelurus stewarti,Pentanchidae,Carcharhiniformes,Sharks,,Bythaelurus,stewarti,,
67931,Bythaelurus tenuicephalus,Pentanchidae,Carcharhiniformes,Sharks,,Bythaelurus,tenuicephalus,,
68215,Bythaelurus vivaldii,Pentanchidae,Carcharhiniformes,Sharks,,Bythaelurus,vivaldii,,
857,Carcharhinus acronotus,Carcharhinidae,Carcharhiniformes,Sharks,104.53125,Carcharhinus,acronotus,104.5312,FishBase
858,Carcharhinus albimarginatus,Carcharhinidae,Carcharhiniformes,Sharks,183.42857142857142,Carcharhinus,albimarginatus,183.4286,FishBase
859,Carcharhinus altimus,Carcharhinidae,Carcharhiniformes,Sharks,226.9,Carcharhinus,altimus,226.9,FishBase
860,Carcharhinus amblyrhynchoides,Carcharhinidae,Carcharhiniformes,Sharks,112.33333333333333,Carcharhinus,amblyrhynchoides,112.3333,FishBase
861,Carcharhinus amblyrhynchos,Carcharhinidae,Carcharhiniformes,Sharks,125.65416653951009,Carcharhinus,amblyrhynchos,125.6542,FishBase
862,Carcharhinus amboinensis,Carcharhinidae,Carcharhiniformes,Sharks,210.0625,Carcharhinus,amboinensis,210.0625,FishBase
863,Carcharhinus borneensis,Carcharhinidae,Carcharhiniformes,Sharks,,Carcharhinus,borneensis,151.6176,
864,Carcharhinus brachyurus,Carcharhinidae,Carcharhiniformes,Sharks,214.9,Carcharhinus,brachyurus,214.9,FishBase
865,Carcharhinus brevipinna,Carcharhinidae,Carcharhiniformes,Sharks,195.8,Carcharhinus,brevipinna,195.8,FishBase
866,Carcharhinus cautus,Carcharhinidae,Carcharhiniformes,Sharks,86.25,Carcharhinus,cautus,86.25,FishBase
66939,Carcharhinus cerdale,Carcharhinidae,Carcharhiniformes,Sharks,,Carcharhinus,cerdale,151.6176,
67451,Carcharhinus coatesi,Carcharhinidae,Carcharhiniformes,Sharks,,Carcharhinus,coatesi,151.6176,
867,Carcharhinus dussumieri,Carcharhinidae,Carcharhiniformes,Sharks,66.82499885559082,Carcharhinus,dussumieri,66.825,FishBase
868,Carcharhinus falciformis,Carcharhinidae,Carcharhiniformes,Sharks,214.4375,Carcharhinus,falciformis,214.4375,FishBase
869,Carcharhinus fitzroyensis,Carcharhinidae,Carcharhiniformes,Sharks,91.25,Carcharhinus,fitzroyensis,91.25,FishBase
870,Carcharhinus galapagensis,Carcharhinidae,Carcharhiniformes,Sharks,223,Carcharhinus,galapagensis,223,FishBase
871,Carcharhinus hemiodon,Carcharhinidae,Carcharhiniformes,Sharks,,Carcharhinus,hemiodon,151.6176,
67430,Carcharhinus humani,Carcharhinidae,Carcharhiniformes,Sharks,,Carcharhinus,humani,151.6176,
872,Carcharhinus isodon,Carcharhinidae,Carcharhiniformes,Sharks,124.83999938964844,Carcharhinus,isodon,124.84,FishBase
9378,Carcharhinus leiodon,Carcharhinidae,Carcharhiniformes,Sharks,,Carcharhinus,leiodon,151.6176,
873,Carcharhinus leucas,Carcharhinidae,Carcharhiniformes,Sharks,201.57142857142858,Carcharhinus,leucas,201.5714,FishBase
874,Carcharhinus limbatus,Carcharhinidae,Carcharhiniformes,Sharks,159.61111111111111,Carcharhinus,limbatus,159.6111,FishBase
875,Carcharhinus longimanus,Carcharhinidae,Carcharhiniformes,Sharks,192.7749989827474,Carcharhinus,longimanus,192.775,FishBase
876,Carcharhinus macloti,Carcharhinidae,Carcharhiniformes,Sharks,72.375,Carcharhinus,macloti,72.375,FishBase
63792,Carcharhinus macrops,Carcharhinidae,Carcharhiniformes,Sharks,,Carcharhinus,macrops,151.6176,
877,Carcharhinus melanopterus,Carcharhinidae,Carcharhiniformes,Sharks,101.58333333333333,Carcharhinus,melanopterus,101.5833,FishBase
878,Carcharhinus obscurus,Carcharhinidae,Carcharhiniformes,Sharks,251,Carcharhinus,obscurus,251,FishBase
69201,Carcharhinus obsoletus,Carcharhinidae,Carcharhiniformes,Sharks,,Carcharhinus,obsoletus,151.6176,
879,Carcharhinus perezii,Carcharhinidae,Carcharhiniformes,Sharks,160,Carcharhinus,perezii,160,FishBase
880,Carcharhinus plumbeus,Carcharhinidae,Carcharhiniformes,Sharks,246.15625,Carcharhinus,plumbeus,246.1562,FishBase
881,Carcharhinus porosus,Carcharhinidae,Carcharhiniformes,Sharks,72.5,Carcharhinus,porosus,72.5,FishBase
882,Carcharhinus sealei,Carcharhinidae,Carcharhiniformes,Sharks,72.66666666666667,Carcharhinus,sealei,72.6667,FishBase
883,Carcharhinus signatus,Carcharhinidae,Carcharhiniformes,Sharks,195,Carcharhinus,signatus,195,FishBase
884,Carcharhinus sorrah,Carcharhinidae,Carcharhiniformes,Sharks,111.375,Carcharhinus,sorrah,111.375,FishBase
15721,Carcharhinus tilstoni,Carcharhinidae,Carcharhiniformes,Sharks,,Carcharhinus,tilstoni,151.6176,
67456,Carcharhinus tjutjot,Carcharhinidae,Carcharhiniformes,Sharks,76.85000228881836,Carcharhinus,tjutjot,76.85,FishBase
747,Carcharias taurus,Carchariidae,Lamniformes,Sharks,208.75,Carcharias,taurus,208.75,FishBase
748,Carcharias tricuspidatus,Carchariidae,Lamniformes,Sharks,,Carcharias,tricuspidatus,208.75,
751,Carcharodon carcharias,Lamnidae,Lamniformes,Sharks,417.3333333333333,Carcharodon,carcharias,417.3333,FishBase
90,Cetorhinus maximus,Cetorhinidae,Lamniformes,Sharks,688.5714285714286,Cetorhinus,maximus,688.5714,FishBase
53922,Centrophorus atromarginatus,Centrophoridae,Squaliformes,Sharks,,Centrophorus,atromarginatus,93.9693,
648,Centrophorus granulosus,Centrophoridae,Squaliformes,Sharks,111.5,Centrophorus,granulosus,111.5,FishBase
649,Centrophorus harrissoni,Centrophoridae,Squaliformes,Sharks,91.5,Centrophorus,harrissoni,91.5,FishBase
54130,Centrophorus isodon,Centrophoridae,Squaliformes,Sharks,90.75,Centrophorus,isodon,90.75,FishBase
68495,Centrophorus lesliei,Centrophoridae,Squaliformes,Sharks,,Centrophorus,lesliei,93.9693,
68496,Centrophorus longipinnis,Centrophoridae,Squaliformes,Sharks,,Centrophorus,longipinnis,93.9693,
650,Centrophorus lusitanicus,Centrophoridae,Squaliformes,Sharks,94.16666666666667,Centrophorus,lusitanicus,94.1667,FishBase
69596,Centrophorus machiquensis,Centrophoridae,Squaliformes,Sharks,,Centrophorus,machiquensis,93.9693,
651,Centrophorus moluccensis,Centrophoridae,Squaliformes,Sharks,71,Centrophorus,moluccensis,71,FishBase
63812,Centrophorus seychellorum,Centrophoridae,Squaliformes,Sharks,,Centrophorus,seychellorum,93.9693,
653,Centrophorus squamosus,Centrophoridae,Squaliformes,Sharks,114.11818209561434,Centrophorus,squamosus,114.1182,FishBase
654,Centrophorus tessellatus,Centrophoridae,Squaliformes,Sharks,,Centrophorus,tessellatus,93.9693,
655,Centrophorus uyato,Centrophoridae,Squaliformes,Sharks,84.75,Centrophorus,uyato,84.75,FishBase
64110,Centrophorus westraliensis,Centrophoridae,Squaliformes,Sharks,,Centrophorus,westraliensis,93.9693,
64111,Centrophorus zeehaani,Centrophoridae,Squaliformes,Sharks,,Centrophorus,zeehaani,93.9693,
53965,Centroscyllium excelsum,Etmopteridae,Squaliformes,Sharks,,Centroscyllium,excelsum,49.8333,
656,Centroscyllium fabricii,Etmopteridae,Squaliformes,Sharks,64,Centroscyllium,fabricii,64,FishBase
657,Centroscyllium granulatum,Etmopteridae,Squaliformes,Sharks,,Centroscyllium,granulatum,49.8333,
658,Centroscyllium kamoharai,Etmopteridae,Squaliformes,Sharks,43,Centroscyllium,kamoharai,43,FishBase
660,Centroscyllium nigrum,Etmopteridae,Squaliformes,Sharks,,Centroscyllium,nigrum,49.8333,
659,Centroscyllium ornatum,Etmopteridae,Squaliformes,Sharks,,Centroscyllium,ornatum,49.8333,
661,Centroscyllium ritteri,Etmopteridae,Squaliformes,Sharks,42.5,Centroscyllium,ritteri,42.5,FishBase
662,Centroscymnus coelolepis,Somniosidae,Squaliformes,Sharks,95.32499885559082,Centroscymnus,coelolepis,95.325,FishBase
666,Centroscymnus owstonii,Somniosidae,Squaliformes,Sharks,78,Centroscymnus,owstonii,78,FishBase
663,Centroselachus crepidater,Somniosidae,Squaliformes,Sharks,66.20000076293945,Centroselachus,crepidater,66.2,FishBase
64128,Cephaloscyllium albipinnum,Scyliorhinidae,Carcharhiniformes,Sharks,,Cephaloscyllium,albipinnum,59.9667,
64122,Cephaloscyllium cooki,Scyliorhinidae,Carcharhiniformes,Sharks,,Cephaloscyllium,cooki,59.9667,
796,Cephaloscyllium fasciatum,Scyliorhinidae,Carcharhiniformes,Sharks,,Cephaloscyllium,fasciatum,59.9667,
69721,Cephaloscyllium formosanum,Scyliorhinidae,Carcharhiniformes,Sharks,,Cephaloscyllium,formosanum,59.9667,
64131,Cephaloscyllium hiscosellum,Scyliorhinidae,Carcharhiniformes,Sharks,46.04999923706055,Cephaloscyllium,hiscosellum,46.05,FishBase
797,Cephaloscyllium isabella,Scyliorhinidae,Carcharhiniformes,Sharks,,Cephaloscyllium,isabella,59.9667,
798,Cephaloscyllium laticeps,Scyliorhinidae,Carcharhiniformes,Sharks,,Cephaloscyllium,laticeps,59.9667,
64123,Cephaloscyllium pictum,Scyliorhinidae,Carcharhiniformes,Sharks,,Cephaloscyllium,pictum,59.9667,
63780,Cephaloscyllium sarawakense,Scyliorhinidae,Carcharhiniformes,Sharks,37.5,Cephaloscyllium,sarawakense,37.5,FishBase
64125,Cephaloscyllium signourum,Scyliorhinidae,Carcharhiniformes,Sharks,,Cephaloscyllium,signourum,59.9667,
800,Cephaloscyllium silasi,Scyliorhinidae,Carcharhiniformes,Sharks,,Cephaloscyllium,silasi,59.9667,
64127,Cephaloscyllium speccum,Scyliorhinidae,Carcharhiniformes,Sharks,,Cephaloscyllium,speccum,59.9667,
65889,Cephaloscyllium stevensi,Scyliorhinidae,Carcharhiniformes,Sharks,,Cephaloscyllium,stevensi,59.9667,
801,Cephaloscyllium sufflans,Scyliorhinidae,Carcharhiniformes,Sharks,,Cephaloscyllium,sufflans,59.9667,
49109,Cephaloscyllium umbratile,Scyliorhinidae,Carcharhiniformes,Sharks,96.3499984741211,Cephaloscyllium,umbratile,96.35,FishBase
64129,Cephaloscyllium variegatum,Scyliorhinidae,Carcharhiniformes,Sharks,,Cephaloscyllium,variegatum,59.9667,
802,Cephaloscyllium ventriosum,Scyliorhinidae,Carcharhiniformes,Sharks,,Cephaloscyllium,ventriosum,59.9667,
64130,Cephaloscyllium zebrum,Scyliorhinidae,Carcharhiniformes,Sharks,,Cephaloscyllium,zebrum,59.9667,
803,Cephalurus cephalus,Pentanchidae,Carcharhiniformes,Sharks,,Cephalurus,cephalus,,
5896,Chaenogaleus macrostoma,Hemigaleidae,Carcharhiniformes,Sharks,82.5,Chaenogaleus,macrostoma,82.5,FishBase
5901,Chiloscyllium arabicum,Hemiscylliidae,Orectolobiformes,Sharks,49.5,Chiloscyllium,arabicum,49.5,FishBase
50207,Chiloscyllium burmense,Hemiscylliidae,Orectolobiformes,Sharks,,Chiloscyllium,burmense,48.8333,
5902,Chiloscyllium caeruleopunctatum,Hemiscylliidae,Orectolobiformes,Sharks,,Chiloscyllium,caeruleopunctatum,48.8333,
4304,Chiloscyllium griseum,Hemiscylliidae,Orectolobiformes,Sharks,,Chiloscyllium,griseum,48.8333,
54210,Chiloscyllium hasseltii,Hemiscylliidae,Orectolobiformes,Sharks,,Chiloscyllium,hasseltii,48.8333,
5900,Chiloscyllium indicum,Hemiscylliidae,Orectolobiformes,Sharks,40.5,Chiloscyllium,indicum,40.5,FishBase
5120,Chiloscyllium plagiosum,Hemiscylliidae,Orectolobiformes,Sharks,56.5,Chiloscyllium,plagiosum,56.5,FishBase
5903,Chiloscyllium punctatum,Hemiscylliidae,Orectolobiformes,Sharks,,Chiloscyllium,punctatum,48.8333,
65037,Chlamydoselachus africana,Chlamydoselachidae,Hexanchiformes,Sharks,,Chlamydoselachus,africana,145,
635,Chlamydoselachus anguineus,Chlamydoselachidae,Hexanchiformes,Sharks,145,Chlamydoselachus,anguineus,145,FishBase
707,Cirrhigaleus asper,Squalidae,Squaliformes,Sharks,110,Cirrhigaleus,asper,110,FishBase
63505,Cirrhigaleus australis,Squalidae,Squaliformes,Sharks,,Cirrhigaleus,australis,110,
668,Cirrhigaleus barbifer,Squalidae,Squaliformes,Sharks,,Cirrhigaleus,barbifer,110,
5911,Cirrhoscyllium expolitum,Parascylliidae,Orectolobiformes,Sharks,,Cirrhoscyllium,expolitum,,
5912,Cirrhoscyllium formosanum,Parascylliidae,Orectolobiformes,Sharks,,Cirrhoscyllium,formosanum,,
5913,Cirrhoscyllium japonicum,Parascylliidae,Orectolobiformes,Sharks,,Cirrhoscyllium,japonicum,,
5918,Ctenacis fehlmanni,Proscylliidae,Carcharhiniformes,Sharks,,Ctenacis,fehlmanni,,
669,Dalatias licha,Dalatiidae,Squaliformes,Sharks,125.66666666666667,Dalatias,licha,125.6667,FishBase
670,Deania calceus,Centrophoridae,Squaliformes,Sharks,87.7,Deania,calceus,87.7,FishBase
671,Deania hystricosa,Centrophoridae,Squaliformes,Sharks,,Deania,hystricosa,70.1,
672,Deania profundorum,Centrophoridae,Squaliformes,Sharks,52.5,Deania,profundorum,52.5,FishBase
673,Deania quadrispinosa,Centrophoridae,Squaliformes,Sharks,,Deania,quadrispinosa,70.1,
641,Echinorhinus brucus,Echinorhinidae,Echinorhiniformes,Sharks,,Echinorhinus,brucus,275,
642,Echinorhinus cookei,Echinorhinidae,Echinorhiniformes,Sharks,275,Echinorhinus,cookei,275,FishBase
4532,Eridacnis barbouri,Proscylliidae,Carcharhiniformes,Sharks,,Eridacnis,barbouri,23.25,
5919,Eridacnis radcliffei,Proscylliidae,Carcharhiniformes,Sharks,17,Eridacnis,radcliffei,17,FishBase
5920,Eridacnis sinuans,Proscylliidae,Carcharhiniformes,Sharks,29.5,Eridacnis,sinuans,29.5,FishBase
68051,Etmopterus alphus,Etmopteridae,Squaliformes,Sharks,,Etmopterus,alphus,36.2687,
67845,Etmopterus benchleyi,Etmopteridae,Squaliformes,Sharks,,Etmopterus,benchleyi,36.2687,
25482,Etmopterus bigelowi,Etmopteridae,Squaliformes,Sharks,44.64999961853027,Etmopterus,bigelowi,44.65,FishBase
675,Etmopterus brachyurus,Etmopteridae,Squaliformes,Sharks,,Etmopterus,brachyurus,36.2687,
69483,Etmopterus brosei,Etmopteridae,Squaliformes,Sharks,,Etmopterus,brosei,36.2687,
676,Etmopterus bullisi,Etmopteridae,Squaliformes,Sharks,,Etmopterus,bullisi,36.2687,
63154,Etmopterus burgessi,Etmopteridae,Squaliformes,Sharks,,Etmopterus,burgessi,36.2687,
50208,Etmopterus carteri,Etmopteridae,Squaliformes,Sharks,,Etmopterus,carteri,36.2687,
60034,Etmopterus caudistigmus,Etmopteridae,Squaliformes,Sharks,,Etmopterus,caudistigmus,36.2687,
25483,Etmopterus compagnoi,Etmopteridae,Squaliformes,Sharks,,Etmopterus,compagnoi,36.2687,
677,Etmopterus decacuspidatus,Etmopteridae,Squaliformes,Sharks,,Etmopterus,decacuspidatus,36.2687,
60035,Etmopterus dianthus,Etmopteridae,Squaliformes,Sharks,,Etmopterus,dianthus,36.2687,
60036,Etmopterus dislineatus,Etmopteridae,Squaliformes,Sharks,,Etmopterus,dislineatus,36.2687,
60037,Etmopterus evansi,Etmopteridae,Squaliformes,Sharks,,Etmopterus,evansi,36.2687,
60038,Etmopterus fusus,Etmopteridae,Squaliformes,Sharks,,Etmopterus,fusus,36.2687,
678,Etmopterus gracilispinis,Etmopteridae,Squaliformes,Sharks,,Etmopterus,gracilispinis,36.2687,
679,Etmopterus granulosus,Etmopteridae,Squaliformes,Sharks,,Etmopterus,granulosus,36.2687,
680,Etmopterus hillianus,Etmopteridae,Squaliformes,Sharks,26,Etmopterus,hillianus,26,FishBase
66060,Etmopterus joungi,Etmopteridae,Squaliformes,Sharks,36.25,Etmopterus,joungi,36.25,FishBase
68367,Etmopterus lailae,Etmopteridae,Squaliformes,Sharks,,Etmopterus,lailae,36.2687,
53935,Etmopterus litvinovi,Etmopteridae,Squaliformes,Sharks,,Etmopterus,litvinovi,36.2687,
681,Etmopterus lucifer,Etmopteridae,Squaliformes,Sharks,35.5,Etmopterus,lucifer,35.5,FishBase
68881,Etmopterus marshae,Etmopteridae,Squaliformes,Sharks,,Etmopterus,marshae,36.2687,
23928,Etmopterus molleri,Etmopteridae,Squaliformes,Sharks,,Etmopterus,molleri,36.2687,
69489,Etmopterus parini,Etmopteridae,Squaliformes,Sharks,,Etmopterus,parini,36.2687,
50209,Etmopterus perryi,Etmopteridae,Squaliformes,Sharks,,Etmopterus,perryi,36.2687,
682,Etmopterus polli,Etmopteridae,Squaliformes,Sharks,,Etmopterus,polli,36.2687,
683,Etmopterus princeps,Etmopteridae,Squaliformes,Sharks,,Etmopterus,princeps,36.2687,
60039,Etmopterus pseudosqualiolus,Etmopteridae,Squaliformes,Sharks,,Etmopterus,pseudosqualiolus,36.2687,
684,Etmopterus pusillus,Etmopteridae,Squaliformes,Sharks,38.75,Etmopterus,pusillus,38.75,FishBase
53934,Etmopterus pycnolepis,Etmopteridae,Squaliformes,Sharks,,Etmopterus,pycnolepis,36.2687,
53936,Etmopterus robinsi,Etmopteridae,Squaliformes,Sharks,,Etmopterus,robinsi,36.2687,
68364,Etmopterus samadiae,Etmopteridae,Squaliformes,Sharks,,Etmopterus,samadiae,36.2687,
685,Etmopterus schultzi,Etmopteridae,Squaliformes,Sharks,,Etmopterus,schultzi,36.2687,
66301,Etmopterus sculptus,Etmopteridae,Squaliformes,Sharks,26.5,Etmopterus,sculptus,26.5,FishBase
686,Etmopterus sentosus,Etmopteridae,Squaliformes,Sharks,,Etmopterus,sentosus,36.2687,
53993,Etmopterus sheikoi,Etmopteridae,Squaliformes,Sharks,,Etmopterus,sheikoi,36.2687,
687,Etmopterus spinax,Etmopteridae,Squaliformes,Sharks,34.5,Etmopterus,spinax,34.5,FishBase
27023,Etmopterus splendidus,Etmopteridae,Squaliformes,Sharks,,Etmopterus,splendidus,36.2687,
688,Etmopterus unicolor,Etmopteridae,Squaliformes,Sharks,,Etmopterus,unicolor,36.2687,
66262,Etmopterus viator,Etmopteridae,Squaliformes,Sharks,48,Etmopterus,viator,48,FishBase
689,Etmopterus villosus,Etmopteridae,Squaliformes,Sharks,,Etmopterus,villosus,36.2687,
690,Etmopterus virens,Etmopteridae,Squaliformes,Sharks,,Etmopterus,virens,36.2687,
756,Eucrossorhinus dasypogon,Orectolobidae,Orectolobiformes,Sharks,,Eucrossorhinus,dasypogon,,
691,Euprotomicroides zantedeschia,Dalatiidae,Squaliformes,Sharks,,Euprotomicroides,zantedeschia,,
693,Euprotomicrus bispinatus,Dalatiidae,Squaliformes,Sharks,20.25,Euprotomicrus,bispinatus,20.25,FishBase
908,Eusphyra blochii,Sphyrnidae,Carcharhiniformes,Sharks,170,Eusphyra,blochii,170,FishBase
69723,Eusphyra laticeps,Sphyrnidae,Carcharhiniformes,Sharks,,Eusphyra,laticeps,170,
805,Figaro boardmani,Pentanchidae,Carcharhiniformes,Sharks,,Figaro,boardmani,,
64132,Figaro striatus,Pentanchidae,Carcharhiniformes,Sharks,,Figaro,striatus,,
5924,Furgaleus macki,Triakidae,Carcharhiniformes,Sharks,109.5,Furgaleus,macki,109.5,FishBase
886,Galeocerdo cuvier,Galeocerdonidae,Carcharhiniformes,Sharks,283.7857142857143,Galeocerdo,cuvier,283.7857,FishBase
4642,Galeorhinus galeus,Triakidae,Carcharhiniformes,Sharks,139.08333333333334,Galeorhinus,galeus,139.0833,FishBase
54009,Galeus antillensis,Pentanchidae,Carcharhiniformes,Sharks,,Galeus,antillensis,39.9567,
804,Galeus arae,Pentanchidae,Carcharhiniformes,Sharks,,Galeus,arae,39.9567,
53997,Galeus atlanticus,Pentanchidae,Carcharhiniformes,Sharks,,Galeus,atlanticus,39.9567,
53998,Galeus cadenati,Pentanchidae,Carcharhiniformes,Sharks,,Galeus,cadenati,39.9567,
68476,Galeus corriganae,Pentanchidae,Carcharhiniformes,Sharks,,Galeus,corriganae,39.9567,
806,Galeus eastmani,Pentanchidae,Carcharhiniformes,Sharks,34,Galeus,eastmani,34,FishBase
51618,Galeus gracilis,Pentanchidae,Carcharhiniformes,Sharks,,Galeus,gracilis,39.9567,
27029,Galeus longirostris,Pentanchidae,Carcharhiniformes,Sharks,,Galeus,longirostris,39.9567,
807,Galeus melastomus,Pentanchidae,Carcharhiniformes,Sharks,58.59000015258789,Galeus,melastomus,58.59,FishBase
61184,Galeus mincaronei,Pentanchidae,Carcharhiniformes,Sharks,34.5,Galeus,mincaronei,34.5,FishBase
808,Galeus murinus,Pentanchidae,Carcharhiniformes,Sharks,,Galeus,murinus,39.9567,
809,Galeus nipponensis,Pentanchidae,Carcharhiniformes,Sharks,54,Galeus,nipponensis,54,FishBase
810,Galeus piperatus,Pentanchidae,Carcharhiniformes,Sharks,,Galeus,piperatus,39.9567,
811,Galeus polli,Pentanchidae,Carcharhiniformes,Sharks,30.400000254313152,Galeus,polli,30.4,FishBase
64102,Galeus priapus,Pentanchidae,Carcharhiniformes,Sharks,,Galeus,priapus,39.9567,
812,Galeus sauteri,Pentanchidae,Carcharhiniformes,Sharks,,Galeus,sauteri,39.9567,
813,Galeus schultzi,Pentanchidae,Carcharhiniformes,Sharks,28.25,Galeus,schultzi,28.25,FishBase
51617,Galeus springeri,Pentanchidae,Carcharhiniformes,Sharks,,Galeus,springeri,39.9567,
2532,Ginglymostoma cirratum,Ginglymostomatidae,Orectolobiformes,Sharks,235,Ginglymostoma,cirratum,235,FishBase
68129,Ginglymostoma unami,Ginglymostomatidae,Orectolobiformes,Sharks,,Ginglymostoma,unami,235,
65549,Glyphis fowlerae,Carcharhinidae,Carcharhiniformes,Sharks,,Glyphis,fowlerae,,
887,Glyphis gangeticus,Carcharhinidae,Carcharhiniformes,Sharks,,Glyphis,gangeticus,,
64133,Glyphis garricki,Carcharhinidae,Carcharhiniformes,Sharks,,Glyphis,garricki,,
888,Glyphis glyphis,Carcharhinidae,Carcharhiniformes,Sharks,,Glyphis,glyphis,,
57443,Glyphis siamensis,Carcharhinidae,Carcharhiniformes,Sharks,,Glyphis,siamensis,,
5925,Gogolia filewoodi,Triakidae,Carcharhiniformes,Sharks,,Gogolia,filewoodi,,
5921,Gollum attenuatus,Pseudotriakidae,Carcharhiniformes,Sharks,94.5,Gollum,attenuatus,94.5,FishBase
66257,Gollum suluensis,Pseudotriakidae,Carcharhiniformes,Sharks,,Gollum,suluensis,94.5,
815,Halaelurus boesemani,Pentanchidae,Carcharhiniformes,Sharks,,Halaelurus,boesemani,,
816,Halaelurus buergeri,Pentanchidae,Carcharhiniformes,Sharks,,Halaelurus,buergeri,,
821,Halaelurus lineatus,Pentanchidae,Carcharhiniformes,Sharks,,Halaelurus,lineatus,,
63525,Halaelurus maculosus,Pentanchidae,Carcharhiniformes,Sharks,,Halaelurus,maculosus,,
823,Halaelurus natalensis,Pentanchidae,Carcharhiniformes,Sharks,,Halaelurus,natalensis,,
824,Halaelurus quagga,Pentanchidae,Carcharhiniformes,Sharks,,Halaelurus,quagga,,
63526,Halaelurus sellus,Pentanchidae,Carcharhiniformes,Sharks,,Halaelurus,sellus,,
825,Haploblepharus edwardsii,Pentanchidae,Carcharhiniformes,Sharks,46.5,Haploblepharus,edwardsii,46.5,FishBase
826,Haploblepharus fuscus,Pentanchidae,Carcharhiniformes,Sharks,,Haploblepharus,fuscus,46.5,
63795,Haploblepharus kistnasamyi,Pentanchidae,Carcharhiniformes,Sharks,,Haploblepharus,kistnasamyi,46.5,
827,Haploblepharus pictus,Pentanchidae,Carcharhiniformes,Sharks,,Haploblepharus,pictus,46.5,
53941,Hemitriakis abdita,Triakidae,Carcharhiniformes,Sharks,,Hemitriakis,abdita,91.5,
63785,Hemitriakis complicofasciata,Triakidae,Carcharhiniformes,Sharks,,Hemitriakis,complicofasciata,91.5,
53943,Hemitriakis falcata,Triakidae,Carcharhiniformes,Sharks,,Hemitriakis,falcata,91.5,
64928,Hemitriakis indroyonoi,Triakidae,Carcharhiniformes,Sharks,,Hemitriakis,indroyonoi,91.5,
5926,Hemitriakis japanica,Triakidae,Carcharhiniformes,Sharks,91.5,Hemitriakis,japanica,91.5,FishBase
5927,Hemitriakis leucoperiptera,Triakidae,Carcharhiniformes,Sharks,,Hemitriakis,leucoperiptera,91.5,
62544,Hemigaleus australiensis,Hemigaleidae,Carcharhiniformes,Sharks,62.5,Hemigaleus,australiensis,62.5,FishBase
5897,Hemigaleus microstoma,Hemigaleidae,Carcharhiniformes,Sharks,81.5,Hemigaleus,microstoma,81.5,FishBase
5898,Hemipristis elongata,Hemigaleidae,Carcharhiniformes,Sharks,,Hemipristis,elongata,,
5904,Hemiscyllium freycineti,Hemiscylliidae,Orectolobiformes,Sharks,,Hemiscyllium,freycineti,,
63706,Hemiscyllium galei,Hemiscylliidae,Orectolobiformes,Sharks,,Hemiscyllium,galei,,
5905,Hemiscyllium hallstromi,Hemiscylliidae,Orectolobiformes,Sharks,,Hemiscyllium,hallstromi,,
67088,Hemiscyllium halmahera,Hemiscylliidae,Orectolobiformes,Sharks,,Hemiscyllium,halmahera,,
63708,Hemiscyllium henryi,Hemiscylliidae,Orectolobiformes,Sharks,,Hemiscyllium,henryi,,
65392,Hemiscyllium michaeli,Hemiscylliidae,Orectolobiformes,Sharks,,Hemiscyllium,michaeli,,
5906,Hemiscyllium ocellatum,Hemiscylliidae,Orectolobiformes,Sharks,,Hemiscyllium,ocellatum,,
5907,Hemiscyllium strahani,Hemiscylliidae,Orectolobiformes,Sharks,,Hemiscyllium,strahani,,
5908,Hemiscyllium trispeculare,Hemiscylliidae,Orectolobiformes,Sharks,,Hemiscyllium,trispeculare,,
636,Heptranchias perlo,Hexanchidae,Hexanchiformes,Sharks,85.75,Heptranchias,perlo,85.75,FishBase
739,Heterodontus francisci,Heterodontidae,Heterodontiformes,Sharks,64.5,Heterodontus,francisci,64.5,FishBase
740,Heterodontus galeatus,Heterodontidae,Heterodontiformes,Sharks,,Heterodontus,galeatus,72.875,
741,Heterodontus japonicus,Heterodontidae,Heterodontiformes,Sharks,,Heterodontus,japonicus,72.875,
742,Heterodontus mexicanus,Heterodontidae,Heterodontiformes,Sharks,,Heterodontus,mexicanus,72.875,
62233,Heterodontus omanensis,Heterodontidae,Heterodontiformes,Sharks,,Heterodontus,omanensis,72.875,
743,Heterodontus portusjacksoni,Heterodontidae,Heterodontiformes,Sharks,81.25,Heterodontus,portusjacksoni,81.25,FishBase
744,Heterodontus quoyi,Heterodontidae,Heterodontiformes,Sharks,,Heterodontus,quoyi,72.875,
745,Heterodontus ramalheira,Heterodontidae,Heterodontiformes,Sharks,,Heterodontus,ramalheira,72.875,
746,Heterodontus zebra,Heterodontidae,Heterodontiformes,Sharks,,Heterodontus,zebra,72.875,
694,Heteroscymnoides marleyi,Dalatiidae,Squaliformes,Sharks,,Heteroscymnoides,marleyi,,
637,Hexanchus griseus,Hexanchidae,Hexanchiformes,Sharks,399.25,Hexanchus,griseus,399.25,FishBase
638,Hexanchus nakamurai,Hexanchidae,Hexanchiformes,Sharks,150,Hexanchus,nakamurai,150,FishBase
63796,Holohalaelurus favus,Pentanchidae,Carcharhiniformes,Sharks,,Holohalaelurus,favus,31.2,
63797,Holohalaelurus grennian,Pentanchidae,Carcharhiniformes,Sharks,,Holohalaelurus,grennian,31.2,
63824,Holohalaelurus melanostigma,Pentanchidae,Carcharhiniformes,Sharks,,Holohalaelurus,melanostigma,31.2,
828,Holohalaelurus punctatus,Pentanchidae,Carcharhiniformes,Sharks,31.200000762939453,Holohalaelurus,punctatus,31.2,FishBase
829,Holohalaelurus regani,Pentanchidae,Carcharhiniformes,Sharks,,Holohalaelurus,regani,31.2,
5928,Hypogaleus hyugaensis,Triakidae,Carcharhiniformes,Sharks,,Hypogaleus,hyugaensis,,
5930,Iago garricki,Triakidae,Carcharhiniformes,Sharks,,Iago,garricki,55.7,
66623,Iago mangalorensis,Triakidae,Carcharhiniformes,Sharks,,Iago,mangalorensis,55.7,
5929,Iago omanensis,Triakidae,Carcharhiniformes,Sharks,55.70000076293945,Iago,omanensis,55.7,FishBase
696,Isistius brasiliensis,Dalatiidae,Squaliformes,Sharks,37.75,Isistius,brasiliensis,37.75,FishBase
697,Isistius plutodus,Dalatiidae,Squaliformes,Sharks,,Isistius,plutodus,37.75,
891,Isogomphodon oxyrhynchus,Carcharhinidae,Carcharhiniformes,Sharks,109,Isogomphodon,oxyrhynchus,109,FishBase
752,Isurus oxyrinchus,Lamnidae,Lamniformes,Sharks,244.4375,Isurus,oxyrinchus,244.4375,FishBase
753,Isurus paucus,Lamnidae,Lamniformes,Sharks,216.5,Isurus,paucus,216.5,FishBase
892,Lamiopsis temminckii,Carcharhinidae,Carcharhiniformes,Sharks,,Lamiopsis,temminckii,,
66612,Lamiopsis tephrodes,Carcharhinidae,Carcharhiniformes,Sharks,,Lamiopsis,tephrodes,,
755,Lamna ditropis,Lamnidae,Lamniformes,Sharks,210,Lamna,ditropis,210,FishBase
88,Lamna nasus,Lamnidae,Lamniformes,Sharks,169.25,Lamna,nasus,169.25,FishBase
2073,Leptocharias smithii,Leptochariidae,Carcharhiniformes,Sharks,,Leptocharias,smithii,,
894,Loxodon macrorhinus,Carcharhinidae,Carcharhiniformes,Sharks,76.83333333333333,Loxodon,macrorhinus,76.8333,FishBase
5909,Megachasma pelagios,Megachasmidae,Lamniformes,Sharks,425,Megachasma,pelagios,425,FishBase
5910,Mitsukurina owstoni,Mitsukurinidae,Lamniformes,Sharks,293,Mitsukurina,owstoni,293,FishBase
69597,Mollisquama mississippiensis,Dalatiidae,Squaliformes,Sharks,,Mollisquama,mississippiensis,,
53994,Mollisquama parini,Dalatiidae,Squaliformes,Sharks,,Mollisquama,parini,,
63798,Mustelus albipinnis,Triakidae,Carcharhiniformes,Sharks,,Mustelus,albipinnis,79.8042,
69482,Mustelus andamanensis,Triakidae,Carcharhiniformes,Sharks,,Mustelus,andamanensis,79.8042,
5943,Mustelus antarcticus,Triakidae,Carcharhiniformes,Sharks,103.36999969482422,Mustelus,antarcticus,103.37,FishBase
5938,Mustelus asterias,Triakidae,Carcharhiniformes,Sharks,78.45000076293945,Mustelus,asterias,78.45,FishBase
2538,Mustelus californicus,Triakidae,Carcharhiniformes,Sharks,72.5,Mustelus,californicus,72.5,FishBase
2539,Mustelus canis,Triakidae,Carcharhiniformes,Sharks,89.875,Mustelus,canis,89.875,FishBase
5940,Mustelus dorsalis,Triakidae,Carcharhiniformes,Sharks,,Mustelus,dorsalis,79.8042,
5944,Mustelus fasciatus,Triakidae,Carcharhiniformes,Sharks,123.875,Mustelus,fasciatus,123.875,FishBase
5931,Mustelus griseus,Triakidae,Carcharhiniformes,Sharks,69.5,Mustelus,griseus,69.5,FishBase
2540,Mustelus henlei,Triakidae,Carcharhiniformes,Sharks,58,Mustelus,henlei,58,FishBase
5932,Mustelus higmani,Triakidae,Carcharhiniformes,Sharks,,Mustelus,higmani,79.8042,
5933,Mustelus lenticulatus,Triakidae,Carcharhiniformes,Sharks,86.66666666666667,Mustelus,lenticulatus,86.6667,FishBase
2541,Mustelus lunulatus,Triakidae,Carcharhiniformes,Sharks,97.2999979654948,Mustelus,lunulatus,97.3,FishBase
5941,Mustelus manazo,Triakidae,Carcharhiniformes,Sharks,66.83333333333333,Mustelus,manazo,66.8333,FishBase
5934,Mustelus mento,Triakidae,Carcharhiniformes,Sharks,79.25,Mustelus,mento,79.25,FishBase
50772,Mustelus minicanis,Triakidae,Carcharhiniformes,Sharks,,Mustelus,minicanis,79.8042,
5942,Mustelus mosis,Triakidae,Carcharhiniformes,Sharks,66.25,Mustelus,mosis,66.25,FishBase
4996,Mustelus mustelus,Triakidae,Carcharhiniformes,Sharks,72,Mustelus,mustelus,72,FishBase
2542,Mustelus norrisi,Triakidae,Carcharhiniformes,Sharks,,Mustelus,norrisi,79.8042,
5935,Mustelus palumbes,Triakidae,Carcharhiniformes,Sharks,,Mustelus,palumbes,79.8042,
5936,Mustelus punctulatus,Triakidae,Carcharhiniformes,Sharks,79.16666666666667,Mustelus,punctulatus,79.1667,FishBase
63600,Mustelus ravidus,Triakidae,Carcharhiniformes,Sharks,,Mustelus,ravidus,79.8042,
5937,Mustelus schmitti,Triakidae,Carcharhiniformes,Sharks,58.779999542236325,Mustelus,schmitti,58.78,FishBase
50773,Mustelus sinusmexicanus,Triakidae,Carcharhiniformes,Sharks,,Mustelus,sinusmexicanus,79.8042,
64108,Mustelus stevensi,Triakidae,Carcharhiniformes,Sharks,75.05000305175781,Mustelus,stevensi,75.05,FishBase
5939,Mustelus whitneyi,Triakidae,Carcharhiniformes,Sharks,,Mustelus,whitneyi,79.8042,
63788,Mustelus widodoi,Triakidae,Carcharhiniformes,Sharks,,Mustelus,widodoi,79.8042,
895,Nasolamia velox,Carcharhinidae,Carcharhiniformes,Sharks,,Nasolamia,velox,,
5895,Nebrius ferrugineus,Ginglymostomatidae,Orectolobiformes,Sharks,,Nebrius,ferrugineus,,
896,Negaprion acutidens,Carcharhinidae,Carcharhiniformes,Sharks,230,Negaprion,acutidens,230,FishBase
897,Negaprion brevirostris,Carcharhinidae,Carcharhiniformes,Sharks,,Negaprion,brevirostris,230,
2531,Notorynchus cepedianus,Hexanchidae,Hexanchiformes,Sharks,182.5,Notorynchus,cepedianus,182.5,FishBase
749,Odontaspis ferox,Odontaspididae,Lamniformes,Sharks,,Odontaspis,ferox,293.75,
750,Odontaspis noronhai,Odontaspididae,Lamniformes,Sharks,293.75,Odontaspis,noronhai,293.75,FishBase
63747,Orectolobus floridus,Orectolobidae,Orectolobiformes,Sharks,,Orectolobus,floridus,83.125,
63715,Orectolobus halei,Orectolobidae,Orectolobiformes,Sharks,,Orectolobus,halei,83.125,
63346,Orectolobus hutchinsi,Orectolobidae,Orectolobiformes,Sharks,,Orectolobus,hutchinsi,83.125,
757,Orectolobus japonicus,Orectolobidae,Orectolobiformes,Sharks,,Orectolobus,japonicus,83.125,
65548,Orectolobus leptolineatus,Orectolobidae,Orectolobiformes,Sharks,,Orectolobus,leptolineatus,83.125,
758,Orectolobus maculatus,Orectolobidae,Orectolobiformes,Sharks,,Orectolobus,maculatus,83.125,
759,Orectolobus ornatus,Orectolobidae,Orectolobiformes,Sharks,86.5,Orectolobus,ornatus,86.5,FishBase
63748,Orectolobus parvimaculatus,Orectolobidae,Orectolobiformes,Sharks,79.75,Orectolobus,parvimaculatus,79.75,FishBase
64117,Orectolobus reticulatus,Orectolobidae,Orectolobiformes,Sharks,,Orectolobus,reticulatus,83.125,
760,Orectolobus wardi,Orectolobidae,Orectolobiformes,Sharks,,Orectolobus,wardi,83.125,
715,Oxynotus bruniensis,Oxynotidae,Squaliformes,Sharks,,Oxynotus,bruniensis,,
717,Oxynotus caribbaeus,Oxynotidae,Squaliformes,Sharks,,Oxynotus,caribbaeus,,
718,Oxynotus centrina,Oxynotidae,Squaliformes,Sharks,,Oxynotus,centrina,,
54012,Oxynotus japonicus,Oxynotidae,Squaliformes,Sharks,,Oxynotus,japonicus,,
719,Oxynotus paradoxus,Oxynotidae,Squaliformes,Sharks,,Oxynotus,paradoxus,,
15840,Paragaleus leucolomatus,Hemigaleidae,Carcharhiniformes,Sharks,,Paragaleus,leucolomatus,73.75,
57442,Paragaleus longicaudatus,Hemigaleidae,Carcharhiniformes,Sharks,65,Paragaleus,longicaudatus,65,FishBase
4998,Paragaleus pectoralis,Hemigaleidae,Carcharhiniformes,Sharks,82.5,Paragaleus,pectoralis,82.5,FishBase
5899,Paragaleus tengi,Hemigaleidae,Carcharhiniformes,Sharks,,Paragaleus,tengi,73.75,
63653,Parmaturus albimarginatus,Pentanchidae,Carcharhiniformes,Sharks,,Parmaturus,albimarginatus,39.6667,
63656,Parmaturus albipenis,Pentanchidae,Carcharhiniformes,Sharks,,Parmaturus,albipenis,39.6667,
69579,Parmaturus angelae,Pentanchidae,Carcharhiniformes,Sharks,,Parmaturus,angelae,39.6667,
63657,Parmaturus bigus,Pentanchidae,Carcharhiniformes,Sharks,,Parmaturus,bigus,39.6667,
830,Parmaturus campechiensis,Pentanchidae,Carcharhiniformes,Sharks,,Parmaturus,campechiensis,39.6667,
63658,Parmaturus lanatus,Pentanchidae,Carcharhiniformes,Sharks,,Parmaturus,lanatus,39.6667,
5914,Parascyllium collare,Parascylliidae,Orectolobiformes,Sharks,,Parascyllium,collare,,
64116,Parascyllium elongatum,Parascylliidae,Orectolobiformes,Sharks,,Parascyllium,elongatum,,
5915,Parascyllium ferrugineum,Parascylliidae,Orectolobiformes,Sharks,,Parascyllium,ferrugineum,,
59418,Parascyllium sparsimaculatum,Parascylliidae,Orectolobiformes,Sharks,,Parascyllium,sparsimaculatum,,
5917,Parascyllium variolatum,Parascylliidae,Orectolobiformes,Sharks,,Parascyllium,variolatum,,
49093,Parmaturus macmillani,Pentanchidae,Carcharhiniformes,Sharks,,Parmaturus,macmillani,39.6667,
831,Parmaturus melanobranchus,Pentanchidae,Carcharhiniformes,Sharks,,Parmaturus,melanobranchus,39.6667,
68882,Parmaturus nigripalatum,Pentanchidae,Carcharhiniformes,Sharks,,Parmaturus,nigripalatum,39.6667,
832,Parmaturus pilosus,Pentanchidae,Carcharhiniformes,Sharks,,Parmaturus,pilosus,39.6667,
833,Parmaturus xaniurus,Pentanchidae,Carcharhiniformes,Sharks,39.666666666666664,Parmaturus,xaniurus,39.6667,FishBase
834,Pentanchus profundicolus,Pentanchidae,Carcharhiniformes,Sharks,,Pentanchus,profundicolus,,
69020,Planonasus indicus,Pseudotriakidae,Carcharhiniformes,Sharks,,Planonasus,indicus,,
66761,Planonasus parini,Pseudotriakidae,Carcharhiniformes,Sharks,,Planonasus,parini,,
69211,Pliotrema annae,Pristiophoridae,Pristiophoriformes,Sharks,,Pliotrema,annae,,
69210,Pliotrema kajae,Pristiophoridae,Pristiophoriformes,Sharks,,Pliotrema,kajae,,
720,Pliotrema warreni,Pristiophoridae,Pristiophoriformes,Sharks,,Pliotrema,warreni,,
835,Poroderma africanum,Scyliorhinidae,Carcharhiniformes,Sharks,67.75,Poroderma,africanum,67.75,FishBase
837,Poroderma pantherinum,Scyliorhinidae,Carcharhiniformes,Sharks,,Poroderma,pantherinum,67.75,
898,Prionace glauca,Carcharhinidae,Carcharhiniformes,Sharks,203.41176470588235,Prionace,glauca,203.4118,FishBase
721,Pristiophorus cirratus,Pristiophoridae,Pristiophoriformes,Sharks,,Pristiophorus,cirratus,57,
64115,Pristiophorus delicatus,Pristiophoridae,Pristiophoriformes,Sharks,,Pristiophorus,delicatus,57,
722,Pristiophorus japonicus,Pristiophoridae,Pristiophoriformes,Sharks,,Pristiophorus,japonicus,57,
67529,Pristiophorus lanae,Pristiophoridae,Pristiophoriformes,Sharks,,Pristiophorus,lanae,57,
66199,Pristiophorus nancyae,Pristiophoridae,Pristiophoriformes,Sharks,57,Pristiophorus,nancyae,57,FishBase
723,Pristiophorus nudipinnis,Pristiophoridae,Pristiophoriformes,Sharks,,Pristiophorus,nudipinnis,57,
724,Pristiophorus schroederi,Pristiophoridae,Pristiophoriformes,Sharks,,Pristiophorus,schroederi,57,
5922,Proscyllium habereri,Proscylliidae,Carcharhiniformes,Sharks,,Proscyllium,habereri,,
63353,Proscyllium magnificum,Proscylliidae,Carcharhiniformes,Sharks,,Proscyllium,magnificum,,
58720,Proscyllium venustum,Proscylliidae,Carcharhiniformes,Sharks,,Proscyllium,venustum,,
5923,Pseudocarcharias kamoharai,Pseudocarchariidae,Lamniformes,Sharks,85.79999923706055,Pseudocarcharias,kamoharai,85.8,FishBase
5894,Pseudoginglymostoma brevicaudatum,Ginglymostomatidae,Orectolobiformes,Sharks,,Pseudoginglymostoma,brevicaudatum,,
2536,Pseudotriakis microdon,Pseudotriakidae,Carcharhiniformes,Sharks,244.25,Pseudotriakis,microdon,244.25,FishBase
2081,Rhincodon typus,Rhincodontidae,Orectolobiformes,Sharks,714.4,Rhincodon,typus,714.4,FishBase
899,Rhizoprionodon acutus,Carcharhinidae,Carcharhiniformes,Sharks,73.33333333333333,Rhizoprionodon,acutus,73.3333,FishBase
900,Rhizoprionodon lalandii,Carcharhinidae,Carcharhiniformes,Sharks,59.487499713897705,Rhizoprionodon,lalandii,59.4875,FishBase
901,Rhizoprionodon longurio,Carcharhinidae,Carcharhiniformes,Sharks,63.5,Rhizoprionodon,longurio,63.5,FishBase
902,Rhizoprionodon oligolinx,Carcharhinidae,Carcharhiniformes,Sharks,42.366666581895615,Rhizoprionodon,oligolinx,42.3667,FishBase
903,Rhizoprionodon porosus,Carcharhinidae,Carcharhiniformes,Sharks,66.25,Rhizoprionodon,porosus,66.25,FishBase
904,Rhizoprionodon taylori,Carcharhinidae,Carcharhiniformes,Sharks,44.35000038146973,Rhizoprionodon,taylori,44.35,FishBase
905,Rhizoprionodon terraenovae,Carcharhinidae,Carcharhiniformes,Sharks,83.33333333333333,Rhizoprionodon,terraenovae,83.3333,FishBase
906,Scoliodon laticaudus,Carcharhinidae,Carcharhiniformes,Sharks,38.476923135610726,Scoliodon,laticaudus,38.4769,FishBase
67046,Scoliodon macrorhynchos,Carcharhinidae,Carcharhiniformes,Sharks,44.650001525878906,Scoliodon,macrorhynchos,44.65,FishBase
838,Schroederichthys bivius,Atelomycteridae,Carcharhiniformes,Sharks,,Schroederichthys,bivius,,
839,Schroederichthys chilensis,Atelomycteridae,Carcharhiniformes,Sharks,,Schroederichthys,chilensis,,
840,Schroederichthys maculatus,Atelomycteridae,Carcharhiniformes,Sharks,,Schroederichthys,maculatus,,
61185,Schroederichthys saurisqualus,Atelomycteridae,Carcharhiniformes,Sharks,,Schroederichthys,saurisqualus,,
842,Schroederichthys tenuis,Atelomycteridae,Carcharhiniformes,Sharks,,Schroederichthys,tenuis,,
843,Scyliorhinus besnardi,Scyliorhinidae,Carcharhiniformes,Sharks,,Scyliorhinus,besnardi,59.2908,
844,Scyliorhinus boa,Scyliorhinidae,Carcharhiniformes,Sharks,,Scyliorhinus,boa,59.2908,
67922,Scyliorhinus cabofriensis,Scyliorhinidae,Carcharhiniformes,Sharks,,Scyliorhinus,cabofriensis,59.2908,
845,Scyliorhinus canicula,Scyliorhinidae,Carcharhiniformes,Sharks,49.913333384195965,Scyliorhinus,canicula,49.9133,FishBase
846,Scyliorhinus capensis,Scyliorhinidae,Carcharhiniformes,Sharks,70.5,Scyliorhinus,capensis,70.5,FishBase
847,Scyliorhinus cervigoni,Scyliorhinidae,Carcharhiniformes,Sharks,,Scyliorhinus,cervigoni,59.2908,
53996,Scyliorhinus comoroensis,Scyliorhinidae,Carcharhiniformes,Sharks,,Scyliorhinus,comoroensis,59.2908,
69510,Scyliorhinus duhamelii,Scyliorhinidae,Carcharhiniformes,Sharks,,Scyliorhinus,duhamelii,59.2908,
848,Scyliorhinus garmani,Scyliorhinidae,Carcharhiniformes,Sharks,,Scyliorhinus,garmani,59.2908,
69620,Scyliorhinus hachijoensis,Scyliorhinidae,Carcharhiniformes,Sharks,,Scyliorhinus,hachijoensis,59.2908,
849,Scyliorhinus haeckelii,Scyliorhinidae,Carcharhiniformes,Sharks,,Scyliorhinus,haeckelii,59.2908,
851,Scyliorhinus hesperius,Scyliorhinidae,Carcharhiniformes,Sharks,,Scyliorhinus,hesperius,59.2908,
852,Scyliorhinus meadi,Scyliorhinidae,Carcharhiniformes,Sharks,,Scyliorhinus,meadi,59.2908,
853,Scyliorhinus retifer,Scyliorhinidae,Carcharhiniformes,Sharks,,Scyliorhinus,retifer,59.2908,
854,Scyliorhinus stellaris,Scyliorhinidae,Carcharhiniformes,Sharks,78,Scyliorhinus,stellaris,78,FishBase
855,Scyliorhinus torazame,Scyliorhinidae,Carcharhiniformes,Sharks,38.75,Scyliorhinus,torazame,38.75,FishBase
856,Scyliorhinus torrei,Scyliorhinidae,Carcharhiniformes,Sharks,,Scyliorhinus,torrei,59.2908,
67844,Scyliorhinus ugoi,Scyliorhinidae,Carcharhiniformes,Sharks,,Scyliorhinus,ugoi,59.2908,
5945,Scylliogaleus quecketti,Triakidae,Carcharhiniformes,Sharks,,Scylliogaleus,quecketti,,
27194,Scymnodalatias albicauda,Somniosidae,Squaliformes,Sharks,,Scymnodalatias,albicauda,,
53990,Scymnodalatias garricki,Somniosidae,Squaliformes,Sharks,,Scymnodalatias,garricki,,
53989,Scymnodalatias oligodon,Somniosidae,Squaliformes,Sharks,,Scymnodalatias,oligodon,,
698,Scymnodalatias sherwoodi,Somniosidae,Squaliformes,Sharks,,Scymnodalatias,sherwoodi,,
53991,Scymnodon ichiharai,Somniosidae,Squaliformes,Sharks,,Scymnodon,ichiharai,132.5,
665,Scymnodon macracanthus,Somniosidae,Squaliformes,Sharks,132.5,Scymnodon,macracanthus,132.5,FishBase
700,Scymnodon ringens,Somniosidae,Squaliformes,Sharks,,Scymnodon,ringens,132.5,
65976,Somniosus antarcticus,Somniosidae,Squaliformes,Sharks,,Somniosus,antarcticus,221.75,
69511,Somniosus cheni,Somniosidae,Squaliformes,Sharks,,Somniosus,cheni,221.75,
65973,Somniosus longus,Somniosidae,Squaliformes,Sharks,,Somniosus,longus,221.75,
138,Somniosus microcephalus,Somniosidae,Squaliformes,Sharks,335.5,Somniosus,microcephalus,335.5,FishBase
2544,Somniosus pacificus,Somniosidae,Squaliformes,Sharks,,Somniosus,pacificus,221.75,
704,Somniosus rostratus,Somniosidae,Squaliformes,Sharks,108,Somniosus,rostratus,108,FishBase
909,Sphyrna corona,Sphyrnidae,Carcharhiniformes,Sharks,,Sphyrna,corona,192.3774,
911,Sphyrna couardi,Sphyrnidae,Carcharhiniformes,Sharks,,Sphyrna,couardi,192.3774,
67093,Sphyrna gilberti,Sphyrnidae,Carcharhiniformes,Sharks,,Sphyrna,gilberti,192.3774,
912,Sphyrna lewini,Sphyrnidae,Carcharhiniformes,Sharks,196.54545454545453,Sphyrna,lewini,196.5455,FishBase
913,Sphyrna media,Sphyrnidae,Carcharhiniformes,Sharks,,Sphyrna,media,192.3774,
914,Sphyrna mokarran,Sphyrnidae,Carcharhiniformes,Sharks,250.16666666666666,Sphyrna,mokarran,250.1667,FishBase
915,Sphyrna tiburo,Sphyrnidae,Carcharhiniformes,Sharks,75.625,Sphyrna,tiburo,75.625,FishBase
55029,Sphyrna tudes,Sphyrnidae,Carcharhiniformes,Sharks,,Sphyrna,tudes,192.3774,
917,Sphyrna zygaena,Sphyrnidae,Carcharhiniformes,Sharks,247.17250061035156,Sphyrna,zygaena,247.1725,FishBase
27208,Squaliolus aliae,Dalatiidae,Squaliformes,Sharks,,Squaliolus,aliae,18.5,
705,Squaliolus laticaudus,Dalatiidae,Squaliformes,Sharks,18.5,Squaliolus,laticaudus,18.5,FishBase
139,Squalus acanthias,Squalidae,Squaliformes,Sharks,77.08235303093406,Squalus,acanthias,77.0824,FishBase
67976,Squalus albicaudus,Squalidae,Squaliformes,Sharks,,Squalus,albicaudus,68.4302,
63578,Squalus albifrons,Squalidae,Squaliformes,Sharks,,Squalus,albifrons,68.4302,
63579,Squalus altipinnis,Squalidae,Squaliformes,Sharks,,Squalus,altipinnis,68.4302,
67981,Squalus bahiensis,Squalidae,Squaliformes,Sharks,,Squalus,bahiensis,68.4302,
68370,Squalus bassi,Squalidae,Squaliformes,Sharks,,Squalus,bassi,68.4302,
708,Squalus blainville,Squalidae,Squaliformes,Sharks,51.47499942779541,Squalus,blainville,51.475,FishBase
63317,Squalus brevirostris,Squalidae,Squaliformes,Sharks,,Squalus,brevirostris,68.4302,
63434,Squalus bucephalus,Squalidae,Squaliformes,Sharks,,Squalus,bucephalus,68.4302,
63582,Squalus chloroculus,Squalidae,Squaliformes,Sharks,71.4000015258789,Squalus,chloroculus,71.4,FishBase
68990,Squalus clarkae,Squalidae,Squaliformes,Sharks,,Squalus,clarkae,68.4302,
63433,Squalus crassispinus,Squalidae,Squaliformes,Sharks,,Squalus,crassispinus,68.4302,
709,Squalus cubensis,Squalidae,Squaliformes,Sharks,,Squalus,cubensis,68.4302,
63588,Squalus edmundsi,Squalidae,Squaliformes,Sharks,,Squalus,edmundsi,68.4302,
66267,Squalus formosus,Squalidae,Squaliformes,Sharks,,Squalus,formosus,68.4302,
63589,Squalus grahami,Squalidae,Squaliformes,Sharks,,Squalus,grahami,68.4302,
63659,Squalus griffini,Squalidae,Squaliformes,Sharks,,Squalus,griffini,68.4302,
69807,Squalus hawaiiensis,Squalidae,Squaliformes,Sharks,,Squalus,hawaiiensis,68.4302,
63661,Squalus hemipinnis,Squalidae,Squaliformes,Sharks,,Squalus,hemipinnis,68.4302,
710,Squalus japonicus,Squalidae,Squaliformes,Sharks,,Squalus,japonicus,68.4302,
63813,Squalus lalannei,Squalidae,Squaliformes,Sharks,,Squalus,lalannei,68.4302,
67977,Squalus lobularis,Squalidae,Squaliformes,Sharks,,Squalus,lobularis,68.4302,
68371,Squalus mahia,Squalidae,Squaliformes,Sharks,,Squalus,mahia,68.4302,
68372,Squalus margaretsmithae,Squalidae,Squaliformes,Sharks,,Squalus,margaretsmithae,68.4302,
711,Squalus megalops,Squalidae,Squaliformes,Sharks,49,Squalus,megalops,49,FishBase
712,Squalus melanurus,Squalidae,Squaliformes,Sharks,,Squalus,melanurus,68.4302,
713,Squalus mitsukurii,Squalidae,Squaliformes,Sharks,73.26666768391927,Squalus,mitsukurii,73.2667,FishBase
63581,Squalus montalbani,Squalidae,Squaliformes,Sharks,,Squalus,montalbani,68.4302,
63590,Squalus nasutus,Squalidae,Squaliformes,Sharks,,Squalus,nasutus,68.4302,
63580,Squalus notocaudatus,Squalidae,Squaliformes,Sharks,,Squalus,notocaudatus,68.4302,
67982,Squalus quasimodo,Squalidae,Squaliformes,Sharks,,Squalus,quasimodo,68.4302,
714,Squalus rancureli,Squalidae,Squaliformes,Sharks,,Squalus,rancureli,68.4302,
63576,Squalus raoulensis,Squalidae,Squaliformes,Sharks,,Squalus,raoulensis,68.4302,
69172,Squalus shiraii,Squalidae,Squaliformes,Sharks,,Squalus,shiraii,68.4302,
65869,Squalus suckleyi,Squalidae,Squaliformes,Sharks,88.35714394705636,Squalus,suckleyi,88.3571,FishBase
725,Squatina aculeata,Squatinidae,Squatiniformes,Sharks,,Squatina,aculeata,98.2548,
726,Squatina africana,Squatinidae,Squatiniformes,Sharks,84,Squatina,africana,84,FishBase
63677,Squatina albipunctata,Squatinidae,Squatiniformes,Sharks,,Squatina,albipunctata,98.2548,
727,Squatina argentina,Squatinidae,Squatiniformes,Sharks,,Squatina,argentina,98.2548,
55066,Squatina armata,Squatinidae,Squatiniformes,Sharks,,Squatina,armata,98.2548,
728,Squatina australis,Squatinidae,Squatiniformes,Sharks,,Squatina,australis,98.2548,
65908,Squatina caillieti,Squatinidae,Squatiniformes,Sharks,,Squatina,caillieti,98.2548,
729,Squatina californica,Squatinidae,Squatiniformes,Sharks,92.16666666666667,Squatina,californica,92.1667,FishBase
68069,Squatina david,Squatinidae,Squatiniformes,Sharks,,Squatina,david,98.2548,
731,Squatina dumeril,Squatinidae,Squatiniformes,Sharks,99.5,Squatina,dumeril,99.5,FishBase
732,Squatina formosa,Squatinidae,Squatiniformes,Sharks,,Squatina,formosa,98.2548,
53932,Squatina guggenheim,Squatinidae,Squatiniformes,Sharks,73.94999885559082,Squatina,guggenheim,73.95,FishBase
63662,Squatina heteroptera,Squatinidae,Squatiniformes,Sharks,,Squatina,heteroptera,98.2548,
733,Squatina japonica,Squatinidae,Squatiniformes,Sharks,,Squatina,japonica,98.2548,
63720,Squatina legnota,Squatinidae,Squatiniformes,Sharks,,Squatina,legnota,98.2548,
69595,Squatina mapama,Squatinidae,Squatiniformes,Sharks,,Squatina,mapama,98.2548,
63667,Squatina mexicana,Squatinidae,Squatiniformes,Sharks,,Squatina,mexicana,98.2548,
734,Squatina nebulosa,Squatinidae,Squatiniformes,Sharks,,Squatina,nebulosa,98.2548,
53931,Squatina occulta,Squatinidae,Squatiniformes,Sharks,,Squatina,occulta,98.2548,
735,Squatina oculata,Squatinidae,Squatiniformes,Sharks,,Squatina,oculata,98.2548,
63721,Squatina pseudocellata,Squatinidae,Squatiniformes,Sharks,,Squatina,pseudocellata,98.2548,
62087,Squatina punctata,Squatinidae,Squatiniformes,Sharks,,Squatina,punctata,98.2548,
736,Squatina squatina,Squatinidae,Squatiniformes,Sharks,133.66666666666666,Squatina,squatina,133.6667,FishBase
737,Squatina tergocellata,Squatinidae,Squatiniformes,Sharks,103,Squatina,tergocellata,103,FishBase
738,Squatina tergocellatoides,Squatinidae,Squatiniformes,Sharks,,Squatina,tergocellatoides,98.2548,
68861,Squatina varii,Squatinidae,Squatiniformes,Sharks,101.5,Squatina,varii,101.5,FishBase
5374,Stegostoma tigrinum,Stegostomatidae,Orectolobiformes,Sharks,,Stegostoma,tigrinum,,
761,Sutorectus tentaculatus,Orectolobidae,Orectolobiformes,Sharks,,Sutorectus,tentaculatus,,
907,Triaenodon obesus,Carcharhinidae,Carcharhiniformes,Sharks,108,Triaenodon,obesus,108,FishBase
5946,Triakis acutipinna,Triakidae,Carcharhiniformes,Sharks,,Triakis,acutipinna,118.3333,
5947,Triakis maculata,Triakidae,Carcharhiniformes,Sharks,,Triakis,maculata,118.3333,
5948,Triakis megalopterus,Triakidae,Carcharhiniformes,Sharks,145,Triakis,megalopterus,145,FishBase
5949,Triakis scyllium,Triakidae,Carcharhiniformes,Sharks,103.5,Triakis,scyllium,103.5,FishBase
2543,Triakis semifasciata,Triakidae,Carcharhiniformes,Sharks,106.5,Triakis,semifasciata,106.5,FishBase
54015,Trigonognathus kabeyai,Etmopteridae,Squaliformes,Sharks,47.5,Trigonognathus,kabeyai,47.5,FishBase
701,Zameus squamulosus,Somniosidae,Squaliformes,Sharks,50,Zameus,squamulosus,50,FishBase
